uid	username	map_id	mods	n320	n300	n200	n100	n50	miss
21207706	Shirasu-Azusa	4094064		17596	8013	891	155	69	331
21207706	Shirasu-Azusa	5540799		6655	1952	166	32	19	59
21207706	Shirasu-Azusa	5303528	DT+MR	2671	825	46	16	5	26
21207706	Shirasu-Azusa	5058169		4633	1346	58	11	7	31
21207706	Shirasu-Azusa	5105790	DT	3446	1255	121	21	5	33
21207706	Shirasu-Azusa	5111622	MR	5212	1888	240	32	16	61
21207706	Shirasu-Azusa	5280625	MR	4252	1603	118	17	15	41
21207706	Shirasu-Azusa	5422741	DT	3839	1522	168	16	9	46
21207706	Shirasu-Azusa	4832317	DT+MR	2117	869	64	7	2	24
21207706	Shirasu-Azusa	4376982	MR	7923	2774	255	36	26	99
21207706	Shirasu-Azusa	5216542		5029	1382	52	7	3	15
21207706	Shirasu-Azusa	4978739		6852	2456	146	14	9	23
21207706	Shirasu-Azusa	4483379		9410	2703	166	17	20	25
21207706	Shirasu-Azusa	5269878	HT	10343	4064	336	40	24	87
21207706	Shirasu-Azusa	4858676	DT	6014	2443	219	35	19	65
21207706	Shirasu-Azusa	4294726	MR	6660	2248	101	8	1	27
21207706	Shirasu-Azusa	3616430	DT	1927	608	51	1	1	5
21207706	Shirasu-Azusa	4979009		6927	2636	295	34	13	94
21207706	Shirasu-Azusa	4804975		6883	2477	203	22	20	53
21207706	Shirasu-Azusa	4312004		7785	3517	410	63	35	122
21207706	Shirasu-Azusa	5510352	DT+MR	6327	2945	610	134	56	228
21207706	Shirasu-Azusa	5253195	DT+MR	3378	1521	331	48	11	69
21207706	Shirasu-Azusa	5327751	DT+MR	5315	1538	91	7	5	27
21207706	Shirasu-Azusa	5383786	DT+MR	3048	1330	167	30	10	50
21207706	Shirasu-Azusa	4517051		9531	3886	370	54	34	119
21207706	Shirasu-Azusa	5008074		7163	2048	117	10	8	15
21207706	Shirasu-Azusa	5378114	DT	3379	1562	246	47	16	76
21207706	Shirasu-Azusa	4569830		6022	2243	155	11	7	33
21207706	Shirasu-Azusa	5366651	MR	5393	2279	179	21	14	42
21207706	Shirasu-Azusa	5081013		4604	1748	90	5	3	18
21207706	Shirasu-Azusa	5133527	MR	5601	2170	166	17	11	54
21207706	Shirasu-Azusa	4983215	DT+MR	4058	1252	173	39	13	62
21207706	Shirasu-Azusa	5213938		6533	2543	189	12	6	14
21207706	Shirasu-Azusa	5278266		8110	3656	375	56	26	88
21207706	Shirasu-Azusa	4974139		4976	1139	40	6	3	18
21207706	Shirasu-Azusa	5088628	DT	2951	1097	52	9	3	28
21207706	Shirasu-Azusa	4398599		7112	2835	337	58	37	151
21207706	Shirasu-Azusa	5426619		5591	1965	120	10	8	31
21207706	Shirasu-Azusa	5101283	MR	8347	4009	540	65	43	196
21207706	Shirasu-Azusa	5006417		5357	1887	171	26	11	40
21207706	Shirasu-Azusa	5590715		7058	2019	97	9	9	17
21207706	Shirasu-Azusa	4859495		10632	4546	585	95	42	285
21207706	Shirasu-Azusa	5317311	HT	8082	2355	114	26	11	44
21207706	Shirasu-Azusa	5223900	DT	3416	1530	204	29	7	34
21207706	Shirasu-Azusa	4816094		6140	1523	58	1	1	4
21207706	Shirasu-Azusa	5609748		11585	6939	1494	224	87	335
21207706	Shirasu-Azusa	5137236		6054	2201	205	26	7	61
21207706	Shirasu-Azusa	3995196	DT+MR	4015	2043	252	37	18	63
21207706	Shirasu-Azusa	4983929		8354	3393	434	41	33	77
21207706	Shirasu-Azusa	5166606		5960	1319	33	1	2	3
21207706	Shirasu-Azusa	3900351		5458	2513	246	10	7	13
21207706	Shirasu-Azusa	5277832		6755	1405	26	3	1	10
21207706	Shirasu-Azusa	4311938		3021	1350	123	10	8	21
21207706	Shirasu-Azusa	3976253		10581	3551	405	21	17	44
21207706	Shirasu-Azusa	767046	DT+MR	3139	690	37	8	0	14
21207706	Shirasu-Azusa	4785276		6404	2511	248	24	17	74
21207706	Shirasu-Azusa	4387804		3166	728	29	3	0	3
21207706	Shirasu-Azusa	5130443	MR	5936	2335	132	4	3	6
21207706	Shirasu-Azusa	4208924	DT	4056	1926	168	14	11	25
21207706	Shirasu-Azusa	5011828		4264	1259	87	7	3	19
21207706	Shirasu-Azusa	5279913		7818	2833	190	15	8	44
21207706	Shirasu-Azusa	4601232		3607	1395	78	4	1	7
21207706	Shirasu-Azusa	4731897		4975	1799	156	18	20	34
21207706	Shirasu-Azusa	5542236		2285	683	53	17	3	12
21207706	Shirasu-Azusa	4279821	MR	5826	1433	49	9	6	21
21207706	Shirasu-Azusa	4912070	DT	3005	912	50	4	4	9
21207706	Shirasu-Azusa	4963006	DT+MR	1963	626	43	5	7	13
21207706	Shirasu-Azusa	4095614	DT+MR	2981	992	99	6	5	19
21207706	Shirasu-Azusa	5203925		1853	372	11	0	0	1
21207706	Shirasu-Azusa	4829090		6899	2425	156	5	7	16
21207706	Shirasu-Azusa	4968079		5849	1990	155	4	7	15
21207706	Shirasu-Azusa	5332767	DT	1982	876	45	1	0	5
21207706	Shirasu-Azusa	5271526		6485	1266	32	3	3	11
21207706	Shirasu-Azusa	4962170	DT	1872	898	151	19	9	56
21207706	Shirasu-Azusa	3431718	DT	4433	1909	265	59	23	93
21207706	Shirasu-Azusa	4133543	DT	2920	782	73	22	8	34
21207706	Shirasu-Azusa	3988022		3370	1305	87	3	1	2
21207706	Shirasu-Azusa	5287940		5647	1442	71	2	0	13
21207706	Shirasu-Azusa	2149349	DT	2161	554	54	7	1	14
21207706	Shirasu-Azusa	4691301		6583	1327	31	1	4	2
21207706	Shirasu-Azusa	4174281	DT	3080	1380	102	8	4	14
21207706	Shirasu-Azusa	4884644	DT+MR	1811	1087	124	16	11	41
21207706	Shirasu-Azusa	4651747		5046	1834	148	9	6	21
21207706	Shirasu-Azusa	3992558	DT	2775	981	135	33	9	36
21207706	Shirasu-Azusa	4713750		7708	2485	182	20	10	82
21207706	Shirasu-Azusa	4775999		6747	1948	108	18	10	43
21207706	Shirasu-Azusa	5232838		5856	1901	122	14	4	33
21207706	Shirasu-Azusa	1217803	DT+MR	2818	1024	123	29	6	36
21207706	Shirasu-Azusa	4133548	DT	2747	1074	197	64	13	105
21207706	Shirasu-Azusa	5036596	DT	2798	1405	224	44	10	63
21207706	Shirasu-Azusa	5317688	MR	6607	1821	83	8	8	19
21207706	Shirasu-Azusa	3972008		5928	1265	55	7	4	0
21207706	Shirasu-Azusa	4951524		5110	1345	27	0	0	2
21207706	Shirasu-Azusa	5356857	MR	4823	1117	28	1	0	0
21207706	Shirasu-Azusa	4997867	MR	8151	3361	349	29	15	68
21207706	Shirasu-Azusa	2755520	DT+MR	2374	863	146	33	13	37
21207706	Shirasu-Azusa	3015442		4553	1445	69	5	5	9
21207706	Shirasu-Azusa	3525702	DT	1827	590	40	6	4	17
21207706	Shirasu-Azusa	5159642		5351	2787	281	22	17	73
21207706	Shirasu-Azusa	4010632		5929	1517	105	3	0	5
7233338	Cyfer	992512		3487	1920	336	64	12	72
7233338	Cyfer	689769	DT	1665	1205	258	58	10	55
7233338	Cyfer	767046	DT	1964	1251	439	86	20	93
7233338	Cyfer	846927	DT	1531	716	127	25	6	20
7233338	Cyfer	1294900		2476	959	139	25	10	15
7233338	Cyfer	985879	DT	1331	745	154	31	12	24
7233338	Cyfer	963330	DT	2091	1295	286	43	17	57
7233338	Cyfer	823842		3234	1825	306	105	14	50
7233338	Cyfer	1214526		1705	646	105	21	9	22
7233338	Cyfer	1408345	DT	1548	1008	203	27	12	21
7233338	Cyfer	1066383	DT	2002	1330	368	64	15	58
7233338	Cyfer	1092805		1142	526	60	4	0	9
7233338	Cyfer	1009933		1530	499	76	8	6	8
7233338	Cyfer	1129049	DT	667	227	60	17	3	4
7233338	Cyfer	1181795		2608	1469	159	70	15	74
7233338	Cyfer	983881	DT	1567	828	169	38	17	44
7233338	Cyfer	1686019	DT	1007	476	61	21	6	20
7233338	Cyfer	1014641		1348	658	89	14	4	12
7233338	Cyfer	784054	DT	676	535	137	17	2	35
7233338	Cyfer	421066	HT	2747	1255	188	46	5	38
7233338	Cyfer	532796		1215	656	114	32	3	33
7233338	Cyfer	724149		1136	553	90	22	0	12
7233338	Cyfer	1293172		2999	1734	320	83	17	68
7233338	Cyfer	1934665	DT	2469	1254	347	92	28	58
7233338	Cyfer	789784		1167	645	147	26	6	27
7233338	Cyfer	1438046		2768	1486	261	32	11	38
7233338	Cyfer	1216881		1045	620	105	31	5	24
7233338	Cyfer	1350131	DT	879	349	44	5	5	6
7233338	Cyfer	795971	DT	2349	958	103	11	11	34
7233338	Cyfer	841922	DT	946	544	99	28	3	44
7233338	Cyfer	753769	DT	777	488	111	45	9	34
7233338	Cyfer	1385760		1290	514	79	10	2	12
7233338	Cyfer	905576	DT	1868	1025	213	41	13	42
7233338	Cyfer	1101044	DT	1906	1188	242	85	33	71
7233338	Cyfer	975667	DT	1918	1190	398	97	15	82
7233338	Cyfer	1054884		1180	523	58	7	1	5
7233338	Cyfer	785580		2071	1089	159	22	10	21
7233338	Cyfer	834370	DT	964	618	169	35	7	36
7233338	Cyfer	678396	DT	1628	831	143	25	11	32
7233338	Cyfer	1154599		1027	599	58	3	2	4
7233338	Cyfer	1442904	DT	717	302	39	4	3	9
7233338	Cyfer	1023071		1057	662	205	36	10	21
7233338	Cyfer	1237220		1393	516	40	6	0	1
7233338	Cyfer	830047	DT	1043	756	217	50	2	65
7233338	Cyfer	847379		2056	1143	240	49	12	41
7233338	Cyfer	1262289		979	515	59	5	3	10
7233338	Cyfer	649616		1107	658	106	19	7	17
7233338	Cyfer	1034385	DT	1378	673	110	15	3	9
7233338	Cyfer	770129		1221	564	208	68	19	40
7233338	Cyfer	758198	DT	788	524	74	22	5	22
7233338	Cyfer	641637	DT	620	277	21	1	0	14
7233338	Cyfer	1038662		3596	1826	283	65	18	62
7233338	Cyfer	1245015		1183	597	143	37	5	31
7233338	Cyfer	1231247	DT	989	633	156	30	15	41
7233338	Cyfer	893899		2141	1071	184	46	20	42
7233338	Cyfer	1620589	DT	667	318	50	9	5	15
7233338	Cyfer	1508853	DT	579	376	56	10	4	22
7233338	Cyfer	1174576	DT	715	466	100	20	3	27
7233338	Cyfer	450104		860	402	77	16	2	27
7233338	Cyfer	739841	DT	722	290	36	11	4	14
7233338	Cyfer	1114066	DT	594	287	71	13	2	19
7233338	Cyfer	1055022		1082	584	101	13	2	8
7233338	Cyfer	1555892		2527	1224	165	16	8	16
7233338	Cyfer	739982	DT	1239	500	45	3	1	7
7233338	Cyfer	350094		1026	496	93	18	6	18
7233338	Cyfer	927052	DT	719	474	128	18	4	24
7233338	Cyfer	825238	DT	731	424	151	24	7	21
7233338	Cyfer	2355634		1274	523	71	9	2	9
7233338	Cyfer	1383199	DT	742	361	59	6	3	11
7233338	Cyfer	1132009	DT	770	482	92	19	5	20
7233338	Cyfer	1766901		1647	710	70	3	2	3
7233338	Cyfer	968643	DT	621	356	51	17	3	11
7233338	Cyfer	1002503	DT	898	501	56	13	10	9
7233338	Cyfer	584403		907	663	102	16	5	19
7233338	Cyfer	1171715		2457	1088	208	43	18	33
7233338	Cyfer	1549499		1141	516	136	26	5	24
7233338	Cyfer	1052579		905	470	100	15	3	32
7233338	Cyfer	646605	DT	964	305	45	18	2	13
7233338	Cyfer	2031389		1322	425	58	7	4	9
7233338	Cyfer	871129		2524	1251	170	21	4	22
7233338	Cyfer	1433260	DT	581	397	87	27	6	16
7233338	Cyfer	1480021	DT	690	196	6	0	0	0
7233338	Cyfer	911342	DT	917	662	93	26	5	19
7233338	Cyfer	861184	DT	680	396	78	22	2	23
7233338	Cyfer	1243559		1067	709	283	62	15	51
7233338	Cyfer	1190555		3957	1887	208	22	8	23
7233338	Cyfer	517247		1060	577	80	13	1	6
7233338	Cyfer	1592262	DT	955	532	165	33	12	32
7233338	Cyfer	1001780	HT	1380	634	153	21	4	18
7233338	Cyfer	901050		1068	602	117	33	6	19
7233338	Cyfer	1681777	DT	856	441	109	16	9	25
7233338	Cyfer	1484448		860	674	120	5	0	2
7233338	Cyfer	1125576		827	499	126	13	3	16
7233338	Cyfer	884790		1936	769	147	22	7	29
7233338	Cyfer	1360740		1654	1028	256	23	5	32
7233338	Cyfer	1385763	DT	781	436	89	16	5	30
7233338	Cyfer	1322358	DT	1326	590	68	18	7	25
7233338	Cyfer	1216040	DT	866	467	132	45	7	35
7233338	Cyfer	1217803		1987	1152	342	46	15	19
7233338	Cyfer	484669		1019	498	71	6	0	10
10024264	Tre	767046	DT+MR	3014	700	105	17	3	14
10024264	Tre	4294726		3542	2344	374	67	13	74
10024264	Tre	4312004	HT+MR	5884	2178	213	27	24	47
10024264	Tre	689769	DT+MR	2477	694	63	10	1	6
10024264	Tre	2149349	DT+MR	1892	506	87	18	3	19
10024264	Tre	4387804		1777	920	121	22	2	17
10024264	Tre	992512		5211	633	35	3	4	5
10024264	Tre	421066		3360	796	71	16	4	32
10024264	Tre	3684026		5116	1285	72	9	4	21
10024264	Tre	3917445		3934	1360	122	25	14	31
10024264	Tre	4095614	DT+MR	1926	721	162	38	19	36
10024264	Tre	1217803	DT	2389	849	213	64	13	33
10024264	Tre	3525702	DT+MR	960	400	58	3	9	14
10024264	Tre	3972008		3938	1212	143	34	16	40
10024264	Tre	4172533		3121	1448	153	15	5	25
10024264	Tre	3004962	NC	11941	4760	701	219	63	208
10024264	Tre	2755520	DT+MR	2198	736	229	70	17	36
10024264	Tre	1243559		1782	351	44	2	0	8
10024264	Tre	3987715		3410	1034	67	16	6	18
10024264	Tre	4152216		1857	230	14	0	0	0
10024264	Tre	975667	DT+MR	2860	740	68	15	0	17
10024264	Tre	3976253	HT	5924	2539	209	28	17	36
10024264	Tre	4010632		3892	1419	196	50	20	41
10024264	Tre	1091460	DT	1460	332	74	7	1	13
10024264	Tre	2940873	DT	10335	3143	587	137	32	120
10024264	Tre	1001780		1701	441	56	4	3	5
10024264	Tre	3583899		1957	307	22	1	0	1
10024264	Tre	830047	DT	1521	501	88	11	2	10
10024264	Tre	4082469		1744	339	38	20	3	20
10024264	Tre	4163797		3194	608	29	4	4	3
10024264	Tre	1066383	DT	2842	833	113	25	2	22
10024264	Tre	1315053		1668	238	19	0	2	1
10024264	Tre	3702113		2021	372	25	1	0	3
10024264	Tre	4125876	DT	1631	924	85	28	8	20
10024264	Tre	1263100	DT	2396	734	118	12	6	15
10024264	Tre	784054	DT	990	346	48	12	1	5
10024264	Tre	1971029	DT+MR	1607	1106	146	22	14	42
10024264	Tre	3552327	DT	1811	939	128	20	5	25
10024264	Tre	3616430	DT+MR	574	604	116	21	11	33
10024264	Tre	1385762	DT	1142	406	100	14	1	15
10024264	Tre	1830039	DT	1368	506	35	0	0	6
10024264	Tre	4124231		1332	201	11	7	1	1
10024264	Tre	4185865		2334	1296	221	48	18	55
10024264	Tre	1023071		1526	452	11	2	0	0
10024264	Tre	1967430	DT	1114	446	83	27	14	20
10024264	Tre	2387330	DT	1643	581	50	4	3	6
10024264	Tre	770127		1568	607	211	47	4	24
10024264	Tre	3413575		1575	398	32	1	0	7
10024264	Tre	4284926		2687	1370	188	48	26	51
10024264	Tre	431260	DT	2635	820	167	34	7	29
10024264	Tre	963330	DT	2811	806	113	28	4	27
10024264	Tre	2162156		3245	1247	350	110	18	98
10024264	Tre	895083	DT	1016	315	62	12	2	9
10024264	Tre	4133548		2383	554	32	1	1	3
10024264	Tre	2749117		2045	620	25	1	1	3
10024264	Tre	2699172		4126	1048	118	25	8	24
10024264	Tre	532796		1790	253	9	0	0	1
10024264	Tre	3519359		4153	936	119	22	7	32
10024264	Tre	834370	DT	1370	390	50	3	3	13
10024264	Tre	2781454	DT	2188	629	56	3	1	7
10024264	Tre	3301947	DT	1722	410	48	18	8	16
10024264	Tre	2503349	DT	2032	710	45	8	4	10
10024264	Tre	3674684		4681	1886	219	45	8	47
10024264	Tre	1293172		4460	723	30	2	1	5
10024264	Tre	1216881		1658	157	14	0	0	1
10024264	Tre	3082924		2457	102	1	0	0	0
10024264	Tre	1535607	DT	2669	558	49	6	1	12
10024264	Tre	2031389	DT	1231	441	93	26	10	24
10024264	Tre	3920194		2141	168	7	3	0	2
10024264	Tre	2545394		1843	350	12	5	5	1
10024264	Tre	1181795		3913	424	18	17	6	17
10024264	Tre	1033166	DT	2400	582	89	27	5	31
10024264	Tre	2956638		3146	316	15	0	0	2
10024264	Tre	767311	NC	950	467	108	13	4	12
10024264	Tre	4034454		2857	1425	223	65	24	46
10024264	Tre	1231247	DT	1416	361	67	13	5	2
10024264	Tre	1129049	DT	872	95	9	1	1	0
10024264	Tre	1926200	DT	804	316	48	8	2	1
10024264	Tre	1912526		2654	867	123	11	6	22
10024264	Tre	1294900		3195	393	30	3	0	3
10024264	Tre	823842		3846	1465	166	29	4	24
10024264	Tre	3614401		2975	677	62	9	7	8
10024264	Tre	4269617	DT	776	50	1	0	0	1
10024264	Tre	3475520		4490	1559	201	39	18	38
10024264	Tre	2536733		1266	141	7	0	0	0
10024264	Tre	1920615		2838	691	56	10	2	11
10024264	Tre	3935573		4314	646	39	4	4	13
10024264	Tre	4435571		2731	1617	239	53	27	62
10024264	Tre	1850934		1899	226	21	9	2	2
10024264	Tre	3012110	DT	2241	899	239	48	19	43
10024264	Tre	3987692		2377	902	200	48	15	63
10024264	Tre	3587731		1569	135	6	3	1	19
10024264	Tre	3989696		1785	718	26	5	3	11
10024264	Tre	4374753		1911	75	0	0	0	0
10024264	Tre	2567925		1579	598	134	22	10	34
10024264	Tre	3797369	HT	2362	796	80	16	9	70
10024264	Tre	1698594		1920	227	25	6	6	2
10024264	Tre	724149		1582	218	13	0	0	0
10024264	Tre	770129		1429	493	149	24	5	20
10024264	Tre	3587545		2942	431	39	13	8	11
1002726	Morbon	767046	DT	2368	1246	185	27	2	25
1002726	Morbon	689769	DT	2015	1028	132	44	1	31
1002726	Morbon	770127		1460	773	169	29	1	29
1002726	Morbon	992512		3826	1742	262	32	2	27
1002726	Morbon	429550	DT	1180	613	107	26	1	12
1002726	Morbon	1001780		1427	654	117	11	0	1
1002726	Morbon	770129		1354	682	67	9	0	8
1002726	Morbon	830047	DT	1301	675	120	19	0	18
1002726	Morbon	1315053		1340	531	53	1	0	3
1002726	Morbon	1101044	DT	2355	1049	99	7	2	13
1002726	Morbon	975667	DT	2113	1302	248	29	0	8
1002726	Morbon	421066		2462	1435	265	45	2	70
1002726	Morbon	985879	DT	1594	603	58	21	2	19
1002726	Morbon	1243559		1329	658	168	16	3	13
1002726	Morbon	963330	DT	2388	1154	177	35	5	30
1002726	Morbon	577429	DT	2404	966	146	35	6	23
1002726	Morbon	2387330	DT	1368	785	108	10	2	14
1002726	Morbon	532796		1481	514	50	7	0	1
1002726	Morbon	450104	DT	757	408	157	33	1	28
1002726	Morbon	1091460	DT	1093	590	153	35	2	14
1002726	Morbon	996296	DT	662	367	82	12	2	15
1002726	Morbon	1181795		2893	1397	96	4	0	5
1002726	Morbon	1408345	DT	1769	908	127	5	1	9
1002726	Morbon	590575	DT	925	317	47	8	1	2
1002726	Morbon	770372	DT	931	367	60	24	3	22
1002726	Morbon	789784		1332	625	57	0	0	4
1002726	Morbon	846927	DT	1638	681	86	8	0	12
1002726	Morbon	983881	DT	1648	882	104	8	2	19
1002726	Morbon	1129049	DT	713	244	19	2	0	0
1002726	Morbon	1066383	DT	2281	1155	292	65	6	38
1002726	Morbon	1087294	DT	958	486	102	15	3	15
1002726	Morbon	784054	DT	840	427	91	22	2	20
1002726	Morbon	1624417		1768	717	85	6	1	3
1002726	Morbon	911602	DT	812	421	59	11	2	10
1002726	Morbon	1245015		1448	477	68	2	0	1
1002726	Morbon	884693	NC	1272	487	23	1	0	4
1002726	Morbon	753769	DT	898	427	84	31	0	24
1002726	Morbon	834370	DT	1079	606	110	15	4	15
1002726	Morbon	1214526		1746	668	75	12	2	5
1002726	Morbon	947015	DT	1552	433	48	2	2	9
1002726	Morbon	2082653	DT	1460	898	156	24	2	10
1002726	Morbon	1263100	DT	1822	1078	310	33	5	33
1002726	Morbon	1033166	DT	1958	900	191	46	7	32
1002726	Morbon	1023071		1197	648	118	18	2	8
1002726	Morbon	1215686	DT	924	526	149	31	2	23
1002726	Morbon	1920615		2218	1236	135	12	4	3
1002726	Morbon	1237220	DT	1081	620	157	50	5	43
1002726	Morbon	847379		2460	982	76	19	0	4
1002726	Morbon	798208	DT	807	436	94	30	5	22
1002726	Morbon	1830039	DT	1012	740	130	19	1	13
1002726	Morbon	1092805		1295	404	40	0	1	1
1002726	Morbon	758198	DT	1015	377	32	6	0	5
1002726	Morbon	905576	DT	2101	962	112	9	0	18
1002726	Morbon	1042788	DT	899	457	91	27	2	27
1002726	Morbon	823842		3090	1997	362	42	5	38
1002726	Morbon	841922	DT	1007	558	46	18	1	34
1002726	Morbon	925360	DT	887	425	96	11	0	16
1002726	Morbon	767311	DT	861	498	135	32	2	26
1002726	Morbon	1014641	SD	1420	658	46	1	0	0
1002726	Morbon	1294900		2410	1048	118	28	3	17
1002726	Morbon	1216881		1142	582	79	10	3	14
1002726	Morbon	1231247	DT	1133	579	102	20	14	16
1002726	Morbon	693320	DT	2099	927	134	9	1	17
1002726	Morbon	724149		1200	532	74	7	0	0
1002726	Morbon	1217803	DT	1708	1207	450	107	12	77
1002726	Morbon	695556	DT	1903	1037	275	38	11	37
1002726	Morbon	674460	DT	2557	1442	260	53	12	65
1002726	Morbon	1482800	NC	805	308	40	3	2	1
1002726	Morbon	1404407	DT	799	308	113	19	2	14
1002726	Morbon	1230814	DT	2324	1478	426	108	13	87
1002726	Morbon	899909	DT	1246	547	124	22	7	24
1002726	Morbon	532798	DT	985	504	166	25	2	27
1002726	Morbon	763657		1200	496	56	6	3	10
1002726	Morbon	911342	DT	1185	490	34	8	0	5
1002726	Morbon	1252228	DT	1705	1206	377	87	22	71
1002726	Morbon	865372	DT	1588	943	215	38	10	57
1002726	Morbon	1021312		1085	702	248	18	6	22
1002726	Morbon	1017266	DT	894	491	105	27	10	37
1002726	Morbon	1041619	DT	1726	1057	183	32	1	27
1002726	Morbon	747621		2347	476	50	6	0	4
1002726	Morbon	825238	DT	811	405	108	14	1	19
1002726	Morbon	678396	DT	1762	735	128	19	4	22
1002726	Morbon	1293172		2958	1754	383	68	18	40
1002726	Morbon	1044811	DT	756	402	114	27	2	15
1002726	Morbon	1055022		1280	465	43	1	0	1
1002726	Morbon	1565693	DT	1493	1145	320	100	4	102
1002726	Morbon	767309	DT	790	417	76	7	0	12
1002726	Morbon	429548		1501	778	149	12	5	15
1002726	Morbon	1040757	DT	1711	898	101	13	1	15
1002726	Morbon	1438046		2678	1604	245	21	8	40
1002726	Morbon	797527		4334	2400	396	18	3	14
1002726	Morbon	649616		1193	613	75	8	7	18
1002726	Morbon	1263478		2025	886	121	12	3	14
1002726	Morbon	713131		1386	716	167	7	1	17
1002726	Morbon	1132009	DT	865	445	47	13	2	16
1002726	Morbon	464291	DT	2072	1318	497	151	4	97
1002726	Morbon	956128	DT	685	324	35	4	0	5
1002726	Morbon	1111350	DT	737	429	93	14	0	5
1002726	Morbon	1148050		1357	576	102	9	4	9
1002726	Morbon	754399	DT	1731	455	30	1	0	9
10028302	Sorc	4312004	HT+MR	3715	3538	834	132	28	126
10028302	Sorc	3976253	HT+MR	4127	3738	722	115	24	27
10028302	Sorc	3497908		2366	884	66	0	0	0
10028302	Sorc	4294726	HT+MR	3215	2518	517	102	32	30
10028302	Sorc	4656541		1301	292	30	6	2	2
10028302	Sorc	4387804	HT	1679	1038	105	18	9	10
10028302	Sorc	2749117	MR	1562	955	147	18	3	10
10028302	Sorc	4311938	HT+MR	1499	1331	242	29	2	24
10028302	Sorc	4133548	MR	1845	939	140	24	9	17
10028302	Sorc	992512		2890	2313	508	102	4	74
10028302	Sorc	4185865	HT+MR	2075	1673	207	12	2	3
10028302	Sorc	4483379	HT+MR	3517	3076	618	132	50	51
10028302	Sorc	1535607	DT	1984	1070	182	35	1	23
10028302	Sorc	4167680	DT+MR	1347	986	122	23	11	18
10028302	Sorc	2545394	MR	1438	615	130	16	7	10
10028302	Sorc	767046		2853	872	106	16	1	5
10028302	Sorc	3616430		595	651	88	17	1	7
10028302	Sorc	2977854	MR	1392	768	56	3	0	1
10028302	Sorc	3328132	MR	2939	1702	195	27	5	7
10028302	Sorc	3805385	MR	2565	1093	144	20	0	8
10028302	Sorc	4010632	HT+MR	3309	2023	256	19	1	10
10028302	Sorc	4374753		1269	664	49	0	0	4
10028302	Sorc	2755520	MR	2199	1006	75	2	1	3
10028302	Sorc	3917445	HT	2932	2309	209	17	7	12
10028302	Sorc	724149	MR	1114	612	80	4	1	2
10028302	Sorc	3959421	HT+MR	3092	1614	198	18	2	15
10028302	Sorc	3684026	HT+MR	4206	2094	189	10	2	6
10028302	Sorc	4423823		2432	1156	82	4	2	1
10028302	Sorc	4417924	DT	598	285	42	12	9	3
10028302	Sorc	5170433		2133	997	86	3	0	7
10028302	Sorc	4389545	HT	1528	973	55	2	1	0
10028302	Sorc	1023071		1080	694	175	27	2	13
10028302	Sorc	4208924	MR	1677	1543	234	32	10	4
10028302	Sorc	1698594		1306	740	114	13	1	12
10028302	Sorc	3413575	MR	1166	631	145	45	5	21
10028302	Sorc	4279821	HT	2483	2213	344	37	10	29
10028302	Sorc	689769		2497	711	40	1	0	2
10028302	Sorc	4133543		1783	909	79	7	4	4
10028302	Sorc	4169817		1361	506	55	7	1	2
10028302	Sorc	3987715	HT	2710	1589	218	12	13	9
10028302	Sorc	3703437		1355	795	70	3	0	3
10028302	Sorc	3183644		1150	555	52	1	0	1
10028302	Sorc	421066	HT	2691	1328	191	39	2	28
10028302	Sorc	2598323	MR	1996	1137	90	8	1	5
10028302	Sorc	4115481		1577	1056	58	0	0	1
10028302	Sorc	4284926	HT+MR	2273	1817	231	29	8	12
10028302	Sorc	1214526		1535	745	172	34	4	18
10028302	Sorc	532796		1056	804	157	16	1	19
10028302	Sorc	4706643	HT	1091	458	105	19	2	8
10028302	Sorc	2149349		1818	645	54	6	0	2
10028302	Sorc	3935369	HT	3076	2692	332	42	10	29
10028302	Sorc	847379		1850	1445	198	29	0	19
10028302	Sorc	3987711	MR	2396	1415	229	18	3	14
10028302	Sorc	4432062	HT+MR	3328	2542	443	58	17	30
10028302	Sorc	1092805	MR	1059	562	101	5	4	10
10028302	Sorc	4533082		2876	924	66	0	0	1
10028302	Sorc	3525702		813	568	55	5	2	1
10028302	Sorc	3992558	MR	1647	956	150	37	4	17
10028302	Sorc	2935411		1049	862	164	11	0	8
10028302	Sorc	1920615	MR	1892	1369	272	44	8	23
10028302	Sorc	4502811	HT	2983	2144	274	23	6	14
10028302	Sorc	4657696		1216	231	35	0	0	3
10028302	Sorc	4060023	MR	1114	590	59	5	1	8
10028302	Sorc	4009456	HT	2925	2108	357	39	9	17
10028302	Sorc	1895641		1861	1036	175	16	3	8
10028302	Sorc	3583899	MR	1265	697	237	60	3	26
10028302	Sorc	4025150	HT	2969	1457	180	27	10	9
10028302	Sorc	1933877		2482	1215	151	16	5	10
10028302	Sorc	4484698		1476	729	103	2	2	6
10028302	Sorc	905576	DT	1823	1087	204	50	5	33
10028302	Sorc	4775999	HT	3041	2724	499	37	5	43
10028302	Sorc	893899		2007	1261	193	31	1	11
10028302	Sorc	4174281		1130	1130	145	10	7	8
10028302	Sorc	3972008	HT	3132	1849	309	56	18	19
10028302	Sorc	3015442	HT+MR	2084	1767	256	27	4	22
10028302	Sorc	1637189		1318	896	160	7	1	2
10028302	Sorc	1243559	HT	1365	713	106	2	0	1
10028302	Sorc	2956638		2008	1120	270	52	4	25
10028302	Sorc	3739990	MR	1357	758	127	16	11	6
10028302	Sorc	747621		2023	744	108	7	0	1
10028302	Sorc	4172533	HT	2317	2076	312	26	15	21
10028302	Sorc	2054608	MR	1533	496	29	2	10	6
10028302	Sorc	3040491		1070	765	108	13	1	5
10028302	Sorc	4605343		2354	1028	100	7	0	0
10028302	Sorc	2545395		1195	562	101	7	0	2
10028302	Sorc	1014641		1150	807	142	18	3	5
10028302	Sorc	4296436		1673	470	15	0	0	5
10028302	Sorc	1293172		2598	1991	522	75	4	31
10028302	Sorc	693320	DT	1728	1157	229	34	5	34
10028302	Sorc	4708016		3450	2156	349	40	6	24
10028302	Sorc	3182272		2143	1064	161	28	7	17
10028302	Sorc	4435571	HT+MR	2357	2081	250	33	4	4
10028302	Sorc	1038662		3333	2143	304	40	5	25
10028302	Sorc	5031845		788	363	40	0	0	5
10028302	Sorc	3004962		11244	5835	714	60	10	29
10028302	Sorc	3702759		2207	786	52	0	0	0
10028302	Sorc	770127	HT	1491	728	191	42	0	9
10028302	Sorc	3621892		1097	572	68	4	0	1
10028302	Sorc	1245015		963	829	174	10	2	18
10028302	Sorc	4420283		1194	570	64	8	3	6
106269	Elysion	767046	DT	2300	1239	262	31	0	21
106269	Elysion	992512		3730	1753	323	53	12	20
106269	Elysion	975667	DT	2169	1174	290	43	8	16
106269	Elysion	983881	DT	1684	861	92	10	6	10
106269	Elysion	1101044	DT	2056	1235	205	16	4	9
106269	Elysion	1001780		1359	653	143	29	10	16
106269	Elysion	689769	DT	1868	950	278	75	18	62
106269	Elysion	1243559		1137	835	161	25	8	21
106269	Elysion	1129049	DT	723	220	32	2	1	0
106269	Elysion	770129		1209	689	195	15	1	11
106269	Elysion	1216881		1249	504	64	9	1	3
106269	Elysion	1315053		1156	603	142	19	3	5
106269	Elysion	1021312		1228	660	145	28	9	11
106269	Elysion	789784		1300	599	110	4	3	2
106269	Elysion	846927	DT	1511	753	137	15	5	4
106269	Elysion	1294900		2497	996	110	14	2	5
106269	Elysion	577429	DT	2196	1056	244	41	8	35
106269	Elysion	1237220	DT	1058	613	204	43	7	31
106269	Elysion	1967430	DT	863	594	179	44	3	21
106269	Elysion	1023071		1215	611	139	14	2	10
106269	Elysion	840232	DT	771	397	75	9	2	7
106269	Elysion	834370	DT	1024	653	107	30	2	13
106269	Elysion	2654192	DT	1015	513	65	12	1	4
106269	Elysion	963330	DT	2208	1180	293	70	8	30
106269	Elysion	1214526		1720	649	111	17	5	6
106269	Elysion	1181795		2947	1195	157	47	16	33
106269	Elysion	767311	DT	751	602	162	24	4	11
106269	Elysion	770127		1318	759	258	64	20	42
106269	Elysion	784054	DT	758	481	115	26	4	18
106269	Elysion	1293172		3281	1601	259	58	2	20
106269	Elysion	847379		2480	895	137	16	5	8
106269	Elysion	1009933		1717	354	38	10	0	8
106269	Elysion	1263100	DT	1732	1151	299	44	16	39
106269	Elysion	421066	HT	2860	1282	111	11	1	14
106269	Elysion	532796		1273	634	112	13	5	16
106269	Elysion	905576	DT	2003	988	181	19	4	7
106269	Elysion	1408345	DT	1693	841	223	42	5	15
106269	Elysion	985879	DT	1342	732	136	48	16	23
106269	Elysion	925360	DT	827	472	105	16	1	14
106269	Elysion	1427416	DT	1359	831	231	44	4	33
106269	Elysion	1830039	DT	853	864	162	20	1	15
106269	Elysion	1066383	DT	1949	1362	396	70	15	45
106269	Elysion	1092805		1212	446	59	12	4	8
106269	Elysion	1872633		922	521	105	14	0	7
106269	Elysion	1837187		3220	1064	120	21	8	11
106269	Elysion	1637189		1562	733	78	9	0	2
106269	Elysion	1932874		1215	564	79	4	4	7
106269	Elysion	1014641		1310	714	95	5	1	0
106269	Elysion	763657		1250	450	55	8	0	8
106269	Elysion	911602	DT	693	475	116	20	3	8
106269	Elysion	823842		3077	1854	454	99	9	41
106269	Elysion	724149		1217	484	84	16	4	8
106269	Elysion	753769	DT	854	421	115	35	3	36
106269	Elysion	861184	DT	722	415	59	3	1	1
106269	Elysion	1132009	DT	875	441	58	7	4	3
106269	Elysion	1958309		1527	364	34	12	5	7
106269	Elysion	830047	DT	1111	703	212	58	12	37
106269	Elysion	2588413		3747	1824	311	26	9	10
106269	Elysion	758198	DT	960	382	52	22	1	18
106269	Elysion	2054608	HD	1697	356	20	1	0	2
106269	Elysion	2311409		1134	746	150	25	4	6
106269	Elysion	1698594		1390	609	140	28	5	14
106269	Elysion	968208	DT	877	272	47	8	2	10
106269	Elysion	1263478		2126	787	116	16	6	10
106269	Elysion	1922668		1203	648	119	36	5	14
106269	Elysion	774837		1226	509	45	2	0	0
106269	Elysion	464291	DT	2090	1283	526	132	26	82
106269	Elysion	2505062	DT	496	237	35	2	2	0
106269	Elysion	2295244		2073	1050	164	26	1	12
106269	Elysion	1124015	DT	741	352	110	31	6	13
106269	Elysion	2568205		2279	1155	155	8	4	6
106269	Elysion	2358150	DT	734	613	185	31	3	21
106269	Elysion	695556	DT	1892	962	288	77	22	60
106269	Elysion	692640		3526	1404	337	49	7	18
106269	Elysion	1433260	DT	579	419	93	13	3	7
106269	Elysion	1889620	DT	712	567	145	13	3	15
106269	Elysion	1253218		1200	520	80	7	0	0
106269	Elysion	1033166	DT	1720	954	300	89	14	57
106269	Elysion	1092806	DT	787	473	134	21	2	21
106269	Elysion	1322358	DT	1481	487	58	3	1	4
106269	Elysion	2384814	DT	665	408	106	42	5	20
106269	Elysion	1174927		2668	1013	192	28	7	26
106269	Elysion	2460194		1085	721	169	21	10	18
106269	Elysion	2130091		1156	483	43	2	0	0
106269	Elysion	1242032		1094	423	68	6	0	2
106269	Elysion	825238	DT	758	400	155	22	3	20
106269	Elysion	1549439	DT	796	371	76	30	6	10
106269	Elysion	1055022		1088	578	105	12	5	2
106269	Elysion	2193277		1183	517	101	16	0	8
106269	Elysion	1669907		2312	1095	300	60	31	34
106269	Elysion	1503725	DT	1470	1030	285	31	4	27
106269	Elysion	1248862	HD	1028	354	51	3	1	0
106269	Elysion	1409974	DT	1302	807	207	61	9	35
106269	Elysion	2082541		2679	1021	93	2	0	0
106269	Elysion	2053317	HD+DT	737	655	164	20	7	13
106269	Elysion	1615905		2955	1069	149	51	22	47
106269	Elysion	2658168		4466	1841	325	40	27	40
106269	Elysion	1863964		2345	1208	406	79	12	35
106269	Elysion	2503349	DT	1436	979	240	67	32	55
106269	Elysion	2130092	DT	755	414	66	11	3	2
10792537	lut	3797369		2502	657	30	16	31	97
10792537	lut	767046	NC	2562	1082	154	27	2	26
10792537	lut	4001513	HT	3619	3023	419	74	38	97
10792537	lut	4500245		3828	1616	203	22	4	35
10792537	lut	992512		4211	1502	132	16	3	27
10792537	lut	3976253	HT	5579	2856	271	21	4	22
10792537	lut	3684026		4468	1772	195	27	11	34
10792537	lut	975667	NC	2575	981	116	9	3	16
10792537	lut	4312004	HT	4598	2993	587	69	23	103
10792537	lut	2149349	NC	1502	784	174	34	4	27
10792537	lut	689769	NC	2102	881	191	44	2	31
10792537	lut	4294726	HT	4341	1847	165	15	14	32
10792537	lut	4983215	NC	2396	1652	442	113	27	127
10792537	lut	4172533		2684	1768	220	34	17	44
10792537	lut	1263100	NC	2164	971	111	14	1	20
10792537	lut	1001780		1497	605	92	5	0	11
10792537	lut	4152216		1511	516	61	6	2	5
10792537	lut	1243559		1405	663	95	8	2	14
10792537	lut	4010632		3353	1846	270	56	16	77
10792537	lut	3972008		3095	1869	303	40	12	64
10792537	lut	4389545		1475	958	99	6	4	17
10792537	lut	1101044	NC+MR	2569	872	59	12	2	11
10792537	lut	3987715		2832	1452	189	43	9	26
10792537	lut	3879909	HT	4041	3168	606	108	33	116
10792537	lut	1900585		1485	518	43	8	1	15
10792537	lut	577429	NC	2594	860	94	12	1	19
10792537	lut	4589677		3091	1637	189	25	12	37
10792537	lut	1315053	MR	1451	411	52	3	9	2
10792537	lut	3630042		2696	1932	329	131	41	133
10792537	lut	2749117		1999	661	28	2	0	5
10792537	lut	2935047		2562	1590	328	60	13	67
10792537	lut	3938191		3031	1744	146	23	12	29
10792537	lut	4125876	NC	1674	801	132	32	15	42
10792537	lut	3917445		3091	1870	368	54	25	78
10792537	lut	4115385		1835	816	41	2	0	2
10792537	lut	3796165		1930	474	22	14	31	74
10792537	lut	3702113		1626	683	92	13	5	3
10792537	lut	1830039	NC	1234	592	68	14	0	7
10792537	lut	4133548		2188	706	68	5	1	6
10792537	lut	1021312		1304	670	80	14	5	8
10792537	lut	4065224	HT	2039	1619	365	65	35	118
10792537	lut	2387330	NC	1498	685	74	8	2	20
10792537	lut	1535607	DT	2388	825	64	10	0	8
10792537	lut	1679790	HT	1661	1162	328	96	30	92
10792537	lut	1023071		1412	506	58	4	0	11
10792537	lut	770129		1367	603	115	18	3	14
10792537	lut	3886482		3521	2255	434	94	33	108
10792537	lut	4167680	NC	1687	748	47	7	2	16
10792537	lut	3616430		729	584	37	0	6	3
10792537	lut	4568556	NC	1710	827	104	7	2	18
10792537	lut	789784		1516	451	49	0	0	2
10792537	lut	1920615		2701	854	36	10	5	2
10792537	lut	3525702	NC	754	522	108	26	10	24
10792537	lut	846927	NC	1790	553	57	11	1	13
10792537	lut	3082924		2017	518	19	2	1	3
10792537	lut	1293172		3679	1411	107	11	1	12
10792537	lut	3992756		2857	1042	82	6	1	8
10792537	lut	1905201		3636	856	68	2	2	13
10792537	lut	905576	NC	2466	688	33	7	1	7
10792537	lut	1181795	MR	3138	1138	85	10	1	23
10792537	lut	532796		1466	535	31	9	2	10
10792537	lut	2545394		1529	613	67	3	1	3
10792537	lut	4065226	HT	1982	1243	210	46	16	54
10792537	lut	1129049	NC	764	190	22	1	0	1
10792537	lut	4565844		2673	1702	290	29	19	69
10792537	lut	3950097	HT	4153	2464	451	99	24	97
10792537	lut	3537172		1640	756	73	18	8	16
10792537	lut	4702143		4146	1323	145	12	7	18
10792537	lut	1245015	MR	1454	484	49	4	0	5
10792537	lut	847379		2611	843	62	18	2	5
10792537	lut	3401407	HT	2402	1410	428	84	28	92
10792537	lut	3214350	NC	1620	1527	272	33	24	60
10792537	lut	3537060	HT	2040	1276	259	35	11	49
10792537	lut	1679797	HT	1611	1113	232	31	8	58
10792537	lut	770127	HT	1885	507	63	0	0	6
10792537	lut	1592262	DT	1135	505	73	6	1	9
10792537	lut	1014641		1568	521	32	0	1	3
10792537	lut	4133543		2281	490	12	0	1	2
10792537	lut	893899		2684	763	45	3	0	9
10792537	lut	3525778	NC	899	317	82	7	2	14
10792537	lut	4791432	NC	1730	770	65	4	0	3
10792537	lut	4597731		1937	957	124	21	9	25
10792537	lut	3665477		1727	520	28	0	0	2
10792537	lut	1101045	NC	2499	619	7	1	1	3
10792537	lut	4207731		1736	793	208	59	14	60
10792537	lut	4031573		1024	574	76	9	5	31
10792537	lut	3183644		1396	343	16	1	0	3
10792537	lut	3537062	DT	948	632	77	18	8	22
10792537	lut	590575	NC	797	405	65	15	2	16
10792537	lut	1087088		1312	370	28	0	0	0
10792537	lut	758198	NC	1038	327	37	15	2	16
10792537	lut	4065230		1335	1214	267	68	20	76
10792537	lut	2666538	NC	1194	381	71	2	1	4
10792537	lut	4938373	NC	845	560	125	30	7	40
10792537	lut	4568558	NC	1596	627	33	4	2	6
10792537	lut	4491035		1204	523	94	24	10	32
10792537	lut	553820		1580	1167	227	32	14	44
10792537	lut	4315292	NC	1161	619	94	17	4	29
10792537	lut	1002503	NC	1207	269	9	1	0	1
10792537	lut	4763040		1937	1124	265	62	20	76
11187151	giraray	992512		4733	980	131	20	0	27
11187151	giraray	767046	DT	2616	819	285	67	2	64
11187151	giraray	975667	DT	2663	859	140	25	2	11
11187151	giraray	689769	DT	2353	608	189	53	3	45
11187151	giraray	1315053		1530	355	39	1	0	3
11187151	giraray	823842		4346	1050	125	12	0	1
11187151	giraray	963330	DT	2714	864	172	25	1	13
11187151	giraray	830047	DT	1468	506	99	27	0	33
11187151	giraray	1023071		1549	383	51	8	0	0
11187151	giraray	1021312		1479	486	104	6	2	4
11187151	giraray	1408345	DT	2166	547	81	11	3	11
11187151	giraray	983881	DT	2113	448	56	27	0	19
11187151	giraray	1001780		1516	505	143	32	2	12
11187151	giraray	2387330	DT	1525	634	104	14	1	9
11187151	giraray	1293172		4000	1127	89	5	0	0
11187151	giraray	789784		1601	366	43	6	0	2
11187151	giraray	577429	DT	2583	770	155	39	2	31
11187151	giraray	834370	DT	1326	383	85	20	1	14
11187151	giraray	1294900		2976	607	38	1	1	1
11187151	giraray	985879	DT	1677	465	103	30	4	18
11187151	giraray	1181795		3462	780	115	20	1	17
11187151	giraray	532796		1539	442	62	6	0	4
11187151	giraray	1231247	DT	1400	367	59	21	0	17
11187151	giraray	1214526		2123	312	52	11	4	6
11187151	giraray	847379		2822	692	24	2	0	1
11187151	giraray	421066		2614	1176	308	89	2	90
11187151	giraray	1624417		1969	526	69	11	2	3
11187151	giraray	770129		1393	527	157	22	6	15
11187151	giraray	1920615		2543	977	71	8	2	7
11187151	giraray	1033166	DT	2223	653	183	31	3	41
11187151	giraray	921164		1680	506	102	19	2	9
11187151	giraray	1243559		1430	523	149	56	1	28
11187151	giraray	1216881		1263	490	71	3	1	2
11187151	giraray	767289	DT	3334	981	181	54	7	46
11187151	giraray	1245015		1474	458	58	2	1	3
11187151	giraray	1092805		1402	308	26	4	1	0
11187151	giraray	1214524	DT	1478	325	38	8	0	6
11187151	giraray	724149		1451	317	40	3	0	2
11187151	giraray	1129049	DT	807	126	30	6	1	8
11187151	giraray	1837187		3805	625	13	0	0	1
11187151	giraray	1872633		1087	396	72	11	0	3
11187151	giraray	1637189		1945	421	11	1	4	2
11187151	giraray	1009933		1779	319	20	7	0	2
11187151	giraray	1669907		2959	751	98	16	2	6
11187151	giraray	1821298		2654	706	191	36	1	26
11187151	giraray	893899		2761	680	58	4	1	0
11187151	giraray	905576	DT	2296	751	110	30	2	13
11187151	giraray	884693	DT	1301	418	45	11	1	11
11187151	giraray	763657		1472	257	30	8	0	4
11187151	giraray	1087294	DT	977	428	118	34	2	20
11187151	giraray	429548		1758	613	75	9	2	3
11187151	giraray	770127	HT	1804	558	87	10	1	1
11187151	giraray	2336676		1336	349	25	0	0	0
11187151	giraray	846927	DT	1655	575	133	33	0	29
11187151	giraray	2295244		2529	729	59	4	0	5
11187151	giraray	649616		1462	388	50	7	0	7
11187151	giraray	753769	DT	962	328	96	46	4	28
11187151	giraray	1217803		2816	674	60	9	1	1
11187151	giraray	1549499		1458	346	35	4	0	5
11187151	giraray	785580		2622	682	44	12	0	12
11187151	giraray	797527		5464	1480	173	23	2	23
11187151	giraray	1842293		3402	492	9	0	0	0
11187151	giraray	1660802		2916	558	14	0	0	0
11187151	giraray	1087088		1372	306	30	0	0	2
11187151	giraray	1263478		2419	579	46	3	2	12
11187151	giraray	1038662		4330	1372	125	8	2	13
11187151	giraray	2588413		4331	1347	200	25	2	22
11187151	giraray	834266		3130	392	6	0	1	0
11187151	giraray	1321781		1467	484	32	10	1	4
11187151	giraray	1262289		1310	237	21	0	1	2
11187151	giraray	747621		2560	302	21	0	0	0
11187151	giraray	1174927		3107	764	57	3	1	2
11187151	giraray	1171715		3110	704	30	1	0	2
11187151	giraray	1942724	DT	1531	602	68	7	1	6
11187151	giraray	1154599		1380	292	20	0	0	1
11187151	giraray	1939359		2977	1110	64	5	1	4
11187151	giraray	1014641		1318	715	83	5	1	3
11187151	giraray	2054608		1908	160	8	0	0	0
11187151	giraray	1319651	DT	2011	568	152	31	2	17
11187151	giraray	1066383	DT	2343	949	357	97	7	84
11187151	giraray	1148050		1531	439	78	8	0	1
11187151	giraray	1055022		1389	383	14	1	0	3
11187151	giraray	1450201		3007	1466	215	9	2	9
11187151	giraray	2408450		1700	186	36	4	2	0
11187151	giraray	1433260	DT	766	263	59	14	0	12
11187151	giraray	1125576		1070	362	48	2	0	2
11187151	giraray	862667	DT	1128	436	89	25	1	18
11187151	giraray	2333974		1370	422	99	16	2	9
11187151	giraray	1561268		1261	313	20	2	1	1
11187151	giraray	1385760		1471	368	50	10	0	8
11187151	giraray	841922	DT	1047	437	115	37	2	26
11187151	giraray	713131		1520	613	128	18	1	14
11187151	giraray	1055358		1379	312	22	1	0	0
11187151	giraray	1561234		1178	385	61	7	1	5
11187151	giraray	450104		1040	256	64	15	1	8
11187151	giraray	1242032		1347	238	8	0	0	0
11187151	giraray	1317015		1355	350	62	0	0	2
11187151	giraray	688307		1534	357	34	6	0	7
11187151	giraray	2305400		2607	614	40	2	0	2
11187151	giraray	1967430		1502	202	0	0	0	0
12102633	M1A300	1023071		1257	632	88	8	0	6
12102633	M1A300	532796		1359	588	75	20	2	9
12102633	M1A300	1293172		3272	1705	179	31	2	32
12102633	M1A300	2545394		1453	640	97	7	2	17
12102633	M1A300	767046		3000	761	81	6	0	5
12102633	M1A300	1294900		2409	1069	121	10	5	10
12102633	M1A300	847379		2333	1067	116	17	1	7
12102633	M1A300	724149		1301	450	52	5	1	4
12102633	M1A300	3805385		2731	943	125	14	2	15
12102633	M1A300	1315053		1156	585	138	28	0	21
12102633	M1A300	2336676		1301	394	15	0	0	0
12102633	M1A300	1092805		1229	440	52	12	5	3
12102633	M1A300	2935411		1156	815	109	6	1	7
12102633	M1A300	1214526		1615	743	88	21	9	32
12102633	M1A300	893899		2367	959	140	15	5	18
12102633	M1A300	992512	HT	4271	1385	200	20	3	12
12102633	M1A300	2943194		2606	1019	140	36	9	22
12102633	M1A300	2545395		1362	439	50	7	1	8
12102633	M1A300	823842		2966	1929	471	77	13	78
12102633	M1A300	3583899		1380	599	209	52	9	39
12102633	M1A300	2536733		938	366	70	19	6	15
12102633	M1A300	2358149		1353	502	74	9	4	8
12102633	M1A300	689769		2365	777	86	8	6	9
12102633	M1A300	3063313		1370	453	45	5	0	1
12102633	M1A300	1698594		1392	604	119	47	3	21
12102633	M1A300	1021312		1150	620	230	38	8	35
12102633	M1A300	1154599		1193	426	58	10	3	3
12102633	M1A300	2654196		1372	618	88	6	1	5
12102633	M1A300	2311409		1240	589	181	27	6	22
12102633	M1A300	1237220		1487	415	42	4	0	8
12102633	M1A300	1967430		1233	446	21	0	0	4
12102633	M1A300	421066	HT	2445	1493	238	49	5	49
12102633	M1A300	2523158		1374	642	119	18	0	22
12102633	M1A300	1932874		1155	543	137	20	3	15
12102633	M1A300	1174927		2590	1120	176	20	2	26
12102633	M1A300	1087088		1126	477	73	26	1	7
12102633	M1A300	1245015		1164	619	152	36	6	19
12102633	M1A300	2031389		1469	332	22	0	1	1
12102633	M1A300	2504976		2088	562	38	3	1	2
12102633	M1A300	1253570		1137	496	89	6	1	1
12102633	M1A300	2598323		1983	995	202	35	8	14
12102633	M1A300	1009933		1226	717	143	12	6	23
12102633	M1A300	2848497		2475	704	69	4	3	10
12102633	M1A300	2130091		1163	464	54	1	1	1
12102633	M1A300	1190555		4534	1447	112	9	0	3
12102633	M1A300	3179013		2239	755	102	9	2	12
12102633	M1A300	2355634		1390	425	56	5	1	11
12102633	M1A300	1217803		2186	1062	243	42	7	21
12102633	M1A300	1409967		1482	460	37	0	1	2
12102633	M1A300	2464032		1090	613	124	19	4	17
12102633	M1A300	2940873		10386	3539	343	36	11	39
12102633	M1A300	2912700		2828	941	112	11	0	11
12102633	M1A300	2749834		2117	997	168	27	7	24
12102633	M1A300	2567925	HT	1542	709	107	13	2	4
12102633	M1A300	3156248		1463	441	15	0	0	1
12102633	M1A300	2942054		1047	502	53	7	1	7
12102633	M1A300	2321697		1252	327	15	0	0	2
12102633	M1A300	2505027		1330	680	110	15	3	6
12102633	M1A300	1565693		1924	1042	149	23	5	21
12102633	M1A300	1038662		3485	1867	340	67	16	75
12102633	M1A300	2977857		1537	379	16	0	0	0
12102633	M1A300	2958637		1397	507	23	2	0	0
12102633	M1A300	429550		1420	464	49	4	0	2
12102633	M1A300	975667		2788	833	76	3	0	0
12102633	M1A300	2295256		1395	448	30	1	0	1
12102633	M1A300	3304065		3742	1327	101	6	1	3
12102633	M1A300	1054884		1121	517	106	16	3	11
12102633	M1A300	3967659		2485	920	101	8	3	8
12102633	M1A300	2703180		1085	489	82	4	1	6
12102633	M1A300	2305400		2094	948	180	24	2	17
12102633	M1A300	2827074		1255	595	39	2	0	0
12102633	M1A300	3566272		1365	722	184	23	3	27
12102633	M1A300	2317446		1134	580	74	10	0	3
12102633	M1A300	4021548		1170	606	188	29	1	28
12102633	M1A300	1215686		1208	409	32	2	1	3
12102633	M1A300	2358150		1237	336	13	0	0	1
12102633	M1A300	3661273		974	621	109	14	3	10
12102633	M1A300	2079984		1068	437	42	2	3	4
12102633	M1A300	1087294		1223	325	30	0	0	1
12102633	M1A300	2473253		1142	504	64	4	3	9
12102633	M1A300	2306337		1074	506	70	7	4	9
12102633	M1A300	3093960		1013	556	99	18	1	29
12102633	M1A300	3182272		2014	1061	243	44	17	41
12102633	M1A300	3012110		2503	903	78	3	0	2
12102633	M1A300	2671589		2812	1056	106	15	4	23
12102633	M1A300	2550395		1133	335	78	9	2	4
12102633	M1A300	2884975		746	298	10	0	0	0
12102633	M1A300	3059546		2459	507	26	3	1	6
12102633	M1A300	1017927		1043	638	90	15	3	7
12102633	M1A300	3608593		1184	491	70	2	1	0
12102633	M1A300	1294968		2102	753	69	5	1	1
12102633	M1A300	3805384		2290	956	130	18	1	5
12102633	M1A300	2592888		1017	415	44	1	0	5
12102633	M1A300	1869526		1352	681	150	10	2	8
12102633	M1A300	2658168		4313	1854	392	86	26	68
12102633	M1A300	789784		1101	588	244	41	6	38
12102633	M1A300	2347438		3435	1227	150	12	6	11
12102633	M1A300	3468080		2479	1204	173	13	1	22
12102633	M1A300	1317015		1079	514	126	24	1	25
12102633	M1A300	2598596		2126	1206	293	45	13	26
12249034	yazer_osu	992512		3154	2186	376	70	5	100
12249034	yazer_osu	532796		1244	722	78	2	1	6
12249034	yazer_osu	767046		2743	974	109	19	1	7
12249034	yazer_osu	1092805		1078	583	61	10	2	7
12249034	yazer_osu	893899		2103	1268	111	13	4	5
12249034	yazer_osu	2311409		1112	800	130	12	0	11
12249034	yazer_osu	1933877		2458	1340	80	0	0	1
12249034	yazer_osu	789784		1055	768	170	15	1	9
12249034	yazer_osu	847379		1997	1287	204	26	11	16
12249034	yazer_osu	1014641		1290	695	123	6	4	7
12249034	yazer_osu	2536733		785	521	88	9	2	9
12249034	yazer_osu	2568205		2262	1240	87	5	3	10
12249034	yazer_osu	1912526		1767	1453	379	40	12	32
12249034	yazer_osu	1294900		1723	1611	234	42	4	10
12249034	yazer_osu	1438046		2409	1855	271	31	5	25
12249034	yazer_osu	1922668		1067	768	156	15	2	17
12249034	yazer_osu	1214526		1131	1140	210	12	3	12
12249034	yazer_osu	1637189		1244	974	162	1	2	1
12249034	yazer_osu	785580		1879	1290	171	15	3	14
12249034	yazer_osu	2727798		2368	1773	242	15	4	11
12249034	yazer_osu	2588413		3420	2053	360	44	8	42
12249034	yazer_osu	1253218		1196	533	77	0	0	1
12249034	yazer_osu	2408450		1224	622	79	1	0	2
12249034	yazer_osu	4115481		1593	936	148	8	2	5
12249034	yazer_osu	1655243		1004	657	87	17	4	2
12249034	yazer_osu	1850934		1138	809	170	11	2	29
12249034	yazer_osu	1895641		1690	1161	211	22	6	9
12249034	yazer_osu	1920615		1772	1441	294	61	14	26
12249034	yazer_osu	2295244		1713	1383	200	13	2	15
12249034	yazer_osu	1237220		1394	492	65	3	0	2
12249034	yazer_osu	1385760		1104	674	119	9	0	1
12249034	yazer_osu	2703180		1147	476	41	2	0	1
12249034	yazer_osu	2567923		1023	863	132	12	3	8
12249034	yazer_osu	2749834		1895	1291	129	19	3	3
12249034	yazer_osu	1727102		1084	635	88	11	1	3
12249034	yazer_osu	1698594		963	1010	180	19	3	11
12249034	yazer_osu	1360740		1784	1012	166	11	3	22
12249034	yazer_osu	1254093		1395	911	170	27	5	15
12249034	yazer_osu	1958309		1053	789	97	3	0	7
12249034	yazer_osu	1967430		1065	607	31	0	0	1
12249034	yazer_osu	2598596		2169	1324	188	12	3	13
12249034	yazer_osu	2193277		1161	564	82	10	1	7
12249034	yazer_osu	3179013		1898	1151	70	0	0	0
12249034	yazer_osu	2548703		1240	772	81	2	1	7
12249034	yazer_osu	2355634		1273	555	57	2	1	0
12249034	yazer_osu	2912700		2739	1080	82	2	0	0
12249034	yazer_osu	1263478		1773	1042	207	19	9	11
12249034	yazer_osu	1038662		3189	2199	373	47	9	33
12249034	yazer_osu	1936647		1176	592	47	2	0	1
12249034	yazer_osu	2221566		2055	1034	59	1	1	2
12249034	yazer_osu	2182886		1289	526	29	1	0	2
12249034	yazer_osu	2847100		1270	420	15	0	0	1
12249034	yazer_osu	1002503	DT	814	601	69	0	0	3
12249034	yazer_osu	1660802		1903	1345	236	4	0	0
12249034	yazer_osu	2523158		1146	823	185	13	1	7
12249034	yazer_osu	1245015		853	935	161	24	8	15
12249034	yazer_osu	1555892		2502	1258	173	8	2	13
12249034	yazer_osu	2523162		1284	601	63	0	1	3
12249034	yazer_osu	2031389		1209	583	33	0	0	0
12249034	yazer_osu	2131030		1842	965	70	3	3	13
12249034	yazer_osu	2130091		1045	584	48	4	2	1
12249034	yazer_osu	1170750		1964	980	64	3	0	1
12249034	yazer_osu	1875138		1266	497	79	6	0	3
12249034	yazer_osu	1869526		1304	814	78	5	0	2
12249034	yazer_osu	2469420		1226	1193	159	12	2	8
12249034	yazer_osu	2473253		1143	519	56	2	1	5
12249034	yazer_osu	2831991		1256	573	33	2	0	0
12249034	yazer_osu	2550395		1052	456	53	0	0	0
12249034	yazer_osu	2477832		2163	1921	299	50	13	34
12249034	yazer_osu	1174927		2173	1437	264	33	4	23
12249034	yazer_osu	2602075		873	666	131	10	2	11
12249034	yazer_osu	1845376		880	603	71	0	0	0
12249034	yazer_osu	1766901		1585	772	75	3	0	0
12249034	yazer_osu	1561268		926	551	103	7	1	10
12249034	yazer_osu	1624417		1212	1012	276	46	13	21
12249034	yazer_osu	1155651		3550	1742	465	30	8	26
12249034	yazer_osu	1793946		875	592	75	4	0	0
12249034	yazer_osu	2295256		1342	494	38	1	0	0
12249034	yazer_osu	4226162		934	462	56	4	0	5
12249034	yazer_osu	1324251		3635	1527	153	17	1	4
12249034	yazer_osu	1217803		1824	1373	313	32	12	7
12249034	yazer_osu	1872634		854	481	41	5	2	4
12249034	yazer_osu	2294823		1962	855	55	7	1	2
12249034	yazer_osu	1848678		1757	650	51	0	0	0
12249034	yazer_osu	2358149		950	828	145	12	2	13
12249034	yazer_osu	1245569		3044	1330	82	4	1	5
12249034	yazer_osu	2317446		988	724	88	1	0	0
12249034	yazer_osu	1812562		918	689	102	9	6	15
12249034	yazer_osu	2347438		3440	1311	77	8	0	5
12249034	yazer_osu	1409967		1235	672	72	2	0	1
12249034	yazer_osu	3210651		1264	562	82	5	0	6
12249034	yazer_osu	2114622		2470	1161	113	2	2	2
12249034	yazer_osu	2700256		2333	1435	250	16	8	21
12249034	yazer_osu	3385265		756	608	117	2	1	3
12249034	yazer_osu	3955582		1540	810	96	20	3	13
12249034	yazer_osu	2742776		1320	844	124	12	1	10
12249034	yazer_osu	1771959		1984	1625	295	47	13	38
12249034	yazer_osu	2671589		2591	1278	136	10	1	0
12249034	yazer_osu	2062536		2225	1084	122	3	2	2
12249034	yazer_osu	2708762		1127	766	114	9	3	8
13656583	jesmoxd	767046	DT	2443	1092	219	45	5	49
13656583	jesmoxd	992512		4197	1418	195	48	6	27
13656583	jesmoxd	5058169	HT	2948	1403	230	36	15	64
13656583	jesmoxd	4983215		3203	1432	94	11	6	11
13656583	jesmoxd	4500245		3427	1834	293	64	21	69
13656583	jesmoxd	975667	DT	2420	1021	191	33	5	30
13656583	jesmoxd	4389545		1511	869	138	14	4	23
13656583	jesmoxd	5013533		647	95	2	0	0	0
13656583	jesmoxd	1315053		1330	488	82	12	1	15
13656583	jesmoxd	5313064		2362	676	66	6	4	5
13656583	jesmoxd	4656541		1410	207	12	1	0	3
13656583	jesmoxd	770129		1350	584	141	24	3	18
13656583	jesmoxd	4152216		1274	663	132	15	3	14
13656583	jesmoxd	3583899		1577	547	111	26	2	25
13656583	jesmoxd	1129049	DT	774	170	28	3	0	3
13656583	jesmoxd	2749117		1690	859	120	9	3	14
13656583	jesmoxd	789784		1341	589	77	4	0	7
13656583	jesmoxd	1905201		3499	923	127	13	0	15
13656583	jesmoxd	5105790		1782	1087	185	25	22	57
13656583	jesmoxd	4417924	DT	723	192	23	8	1	2
13656583	jesmoxd	4133548		1950	872	107	16	10	19
13656583	jesmoxd	4706643	HT	1291	366	19	1	4	2
13656583	jesmoxd	1023071	MR	1321	527	107	20	2	14
13656583	jesmoxd	3807222		3369	1339	137	45	9	33
13656583	jesmoxd	532796		1292	670	76	6	0	9
13656583	jesmoxd	3497908		2332	899	71	4	1	9
13656583	jesmoxd	3413575		1251	601	133	6	5	17
13656583	jesmoxd	1021312	MR	1297	585	144	14	20	21
13656583	jesmoxd	1293172		3326	1624	207	25	3	36
13656583	jesmoxd	905576	DT	2060	1012	101	13	0	16
13656583	jesmoxd	4169817		1768	151	10	3	0	0
13656583	jesmoxd	985879	DT	1478	614	135	28	2	40
13656583	jesmoxd	724149		1332	415	55	8	0	3
13656583	jesmoxd	1932874		1407	399	57	3	2	5
13656583	jesmoxd	1214526		1716	660	91	16	5	20
13656583	jesmoxd	1014641		1428	649	47	0	1	0
13656583	jesmoxd	1216881		1237	484	76	11	2	20
13656583	jesmoxd	1001780		1340	579	223	33	9	26
13656583	jesmoxd	1920615		2284	1109	166	16	10	23
13656583	jesmoxd	1009933		1698	368	40	9	0	12
13656583	jesmoxd	847379		2211	1186	108	16	6	14
13656583	jesmoxd	3702113		1387	803	168	23	9	32
13656583	jesmoxd	823842		3242	1819	340	59	7	67
13656583	jesmoxd	2977854		1530	620	52	7	0	11
13656583	jesmoxd	1245015		1331	556	84	8	2	15
13656583	jesmoxd	1837187		3272	1072	86	4	1	9
13656583	jesmoxd	770127	HT	1720	631	95	10	0	5
13656583	jesmoxd	2536733		1032	309	53	6	4	10
13656583	jesmoxd	763657		1346	379	33	4	0	9
13656583	jesmoxd	1637189		1602	727	49	2	0	4
13656583	jesmoxd	1092805		1204	451	70	7	3	6
13656583	jesmoxd	3559822		1327	436	34	0	0	1
13656583	jesmoxd	3920194		1698	441	133	14	1	34
13656583	jesmoxd	4144315		1597	512	74	7	2	12
13656583	jesmoxd	4115481	MR	2018	630	33	3	0	8
13656583	jesmoxd	2935411		1216	759	90	12	2	15
13656583	jesmoxd	1698594		1520	524	94	25	5	18
13656583	jesmoxd	1842293		3117	745	36	1	1	3
13656583	jesmoxd	4133543		1860	835	86	1	1	3
13656583	jesmoxd	774837		1360	397	23	0	0	2
13656583	jesmoxd	1181795		2866	1161	223	49	9	87
13656583	jesmoxd	4657696		1294	180	8	0	0	3
13656583	jesmoxd	532798	DT	984	526	132	24	0	43
13656583	jesmoxd	3932380		4356	1696	205	21	4	13
13656583	jesmoxd	678396	DT	1966	528	115	23	1	37
13656583	jesmoxd	3938189		2804	1535	141	19	0	24
13656583	jesmoxd	3525702		943	443	42	6	2	8
13656583	jesmoxd	1660802		2552	846	77	5	1	7
13656583	jesmoxd	674460	DT	2717	1175	304	99	16	78
13656583	jesmoxd	3805385		2579	899	313	23	2	14
13656583	jesmoxd	3864402		3740	1293	114	17	2	24
13656583	jesmoxd	1154599		1186	459	45	1	0	2
13656583	jesmoxd	2054608		1604	446	24	1	0	1
13656583	jesmoxd	785580		2189	1020	130	14	3	16
13656583	jesmoxd	2295244		1946	1229	127	4	1	19
13656583	jesmoxd	1087088		1122	511	72	3	0	2
13656583	jesmoxd	1933877		2567	1145	139	12	4	12
13656583	jesmoxd	893899		1915	1398	165	8	3	15
13656583	jesmoxd	3702759		2616	400	19	8	1	1
13656583	jesmoxd	1253218		1319	447	30	7	1	3
13656583	jesmoxd	4095614		1945	811	113	12	9	12
13656583	jesmoxd	1263478		2135	758	122	23	2	21
13656583	jesmoxd	450104		962	331	56	17	1	17
13656583	jesmoxd	3525778	DT	832	336	103	17	3	30
13656583	jesmoxd	4708341		919	352	55	12	4	20
13656583	jesmoxd	421066	HT	2461	1484	265	39	1	29
13656583	jesmoxd	2333974		1134	652	94	14	2	22
13656583	jesmoxd	2568205		2358	1093	128	9	1	18
13656583	jesmoxd	2505027		1528	552	47	9	2	6
13656583	jesmoxd	1171715		2403	1314	103	12	0	15
13656583	jesmoxd	1958309		1310	554	58	8	2	17
13656583	jesmoxd	641637	DT	689	208	24	3	1	8
13656583	jesmoxd	1148050		1362	561	99	17	2	16
13656583	jesmoxd	3550410		1473	604	72	6	1	13
13656583	jesmoxd	2755520		2066	993	163	26	20	18
13656583	jesmoxd	2598323		1980	1076	134	14	15	18
13656583	jesmoxd	1317015		1220	452	77	9	3	8
13656583	jesmoxd	3914452		2372	595	63	4	1	3
13656583	jesmoxd	2131277	DT	883	331	90	18	2	12
13656583	jesmoxd	3602751	MR	1158	677	102	6	5	14
30885120	Firefly Neko	5107047	HT	10705	5604	405	59	33	94
30885120	Firefly Neko	5563410		5562	3590	492	142	58	242
30885120	Firefly Neko	5611269		4508	3173	351	63	22	120
30885120	Firefly Neko	5273531		9279	4968	467	116	44	126
30885120	Firefly Neko	3469849	HT+MR	8039	2528	173	26	14	48
30885120	Firefly Neko	5538251		6194	2705	288	43	15	64
30885120	Firefly Neko	4404683	HT	7454	3110	220	41	21	77
30885120	Firefly Neko	5729586		3259	2055	291	70	29	111
30885120	Firefly Neko	5616379		2871	1895	168	29	18	37
30885120	Firefly Neko	4097226		5510	2796	473	143	74	254
30885120	Firefly Neko	4001513		7026	2518	154	19	16	37
30885120	Firefly Neko	5516105		5997	3709	496	129	40	189
30885120	Firefly Neko	5737040		5883	4276	629	185	79	358
30885120	Firefly Neko	3838922		5306	2368	397	144	60	184
30885120	Firefly Neko	5574376	HT	5168	3113	236	32	16	56
30885120	Firefly Neko	3886726		4852	2642	374	108	44	180
30885120	Firefly Neko	3968336		5392	1886	203	26	27	67
30885120	Firefly Neko	4231313		4529	762	40	35	25	51
30885120	Firefly Neko	3497002		6603	2979	317	84	30	118
30885120	Firefly Neko	4404686	HT	6627	2445	134	6	9	36
30885120	Firefly Neko	5694389		4935	3134	363	85	35	163
30885120	Firefly Neko	5574387	HT	5969	2746	199	13	8	35
30885120	Firefly Neko	5525503		2933	1983	202	24	19	39
30885120	Firefly Neko	1679790		2007	1035	209	48	14	56
30885120	Firefly Neko	4009587		3084	2105	315	57	33	110
30885120	Firefly Neko	5042671		4536	2837	420	70	70	167
30885120	Firefly Neko	4249326	DT	630	354	46	7	3	11
30885120	Firefly Neko	4973159	MR	4781	2840	321	49	19	113
30885120	Firefly Neko	4973158		4057	2030	251	49	31	82
30885120	Firefly Neko	5540799		4522	1854	113	13	10	40
30885120	Firefly Neko	4000342		6662	2763	324	70	27	104
30885120	Firefly Neko	4487439	HT	10837	4911	365	52	21	94
30885120	Firefly Neko	3918036		4387	2225	262	41	19	85
30885120	Firefly Neko	5448390	HT	8681	4692	348	59	24	87
30885120	Firefly Neko	5515664		3254	2403	398	80	34	131
30885120	Firefly Neko	4673272		5067	1949	244	41	25	118
30885120	Firefly Neko	3844594		5221	2938	434	94	43	158
30885120	Firefly Neko	4498837		3231	1997	161	25	17	42
30885120	Firefly Neko	3879909		5235	2489	273	29	5	41
30885120	Firefly Neko	4616615		4324	1877	199	43	23	73
30885120	Firefly Neko	5139638		4914	2819	467	137	79	213
30885120	Firefly Neko	4297374	HT	3567	1359	133	18	7	29
30885120	Firefly Neko	4964418		4981	2095	193	26	13	53
30885120	Firefly Neko	4983858	HT	7824	4786	297	26	18	49
30885120	Firefly Neko	5153884		4519	1663	124	17	10	24
30885120	Firefly Neko	4893442		4735	1179	129	3	14	26
30885120	Firefly Neko	4005910	DT	1296	627	73	4	3	19
30885120	Firefly Neko	3677003		5912	2582	281	47	18	80
30885120	Firefly Neko	3517235	DT	4879	2138	215	27	21	70
30885120	Firefly Neko	5525561	HT	6912	3474	376	45	19	49
30885120	Firefly Neko	4974366	HT	6807	2947	190	14	7	35
30885120	Firefly Neko	4973089		3311	1289	136	14	10	40
30885120	Firefly Neko	4722298	DT	2930	2427	247	47	10	96
30885120	Firefly Neko	4129720		5279	2044	241	64	43	158
30885120	Firefly Neko	4983824		4221	2246	231	54	37	111
30885120	Firefly Neko	5058169		3311	1285	62	4	3	31
30885120	Firefly Neko	5124135	HT	6149	413	15	2	2	41
30885120	Firefly Neko	4224584		3325	1395	192	41	13	34
30885120	Firefly Neko	3924687		6049	3478	542	121	120	290
30885120	Firefly Neko	5433961	HT	4530	2781	257	42	34	52
30885120	Firefly Neko	4224583		3032	1729	271	59	18	91
30885120	Firefly Neko	4032124	HT	8575	3793	399	43	38	102
30885120	Firefly Neko	4404685		4920	2312	194	26	6	54
30885120	Firefly Neko	4347923		6023	3705	560	155	50	257
30885120	Firefly Neko	5575205		3495	1749	157	26	16	37
30885120	Firefly Neko	5504414		3231	1798	185	23	16	47
30885120	Firefly Neko	5074941	HT	5466	3149	547	113	44	129
30885120	Firefly Neko	4009375	HT	7238	2552	133	19	6	36
30885120	Firefly Neko	5280625		2616	1301	141	15	4	20
30885120	Firefly Neko	4973092		3864	2447	244	25	40	80
30885120	Firefly Neko	5154426		8576	4016	253	39	16	70
30885120	Firefly Neko	1900585	DT	1697	260	50	26	12	25
30885120	Firefly Neko	4065224		2592	1283	168	56	31	111
30885120	Firefly Neko	5154675	HT	6814	3381	286	56	13	50
30885120	Firefly Neko	2089432	HT	6352	1791	112	17	8	23
30885120	Firefly Neko	4385351		3555	1763	207	26	11	50
30885120	Firefly Neko	4965556		5250	2842	427	102	36	168
30885120	Firefly Neko	5688756		3845	1473	69	6	1	9
30885120	Firefly Neko	4492096	MR	7300	765	54	60	47	74
30885120	Firefly Neko	5303528	DT	1203	721	63	10	4	13
30885120	Firefly Neko	3779106		6600	3322	553	108	50	144
30885120	Firefly Neko	3797369		3146	176	0	0	2	9
30885120	Firefly Neko	4065226		2461	969	81	9	9	22
30885120	Firefly Neko	3729442	DT	2623	1540	246	56	35	89
30885120	Firefly Neko	5268054		4312	1878	108	17	5	15
30885120	Firefly Neko	4201708	HT	4578	1953	263	38	14	54
30885120	Firefly Neko	4483379		5308	2011	88	13	5	19
30885120	Firefly Neko	4312004		5236	2707	317	34	7	72
30885120	Firefly Neko	4481282		3185	1506	112	7	4	17
30885120	Firefly Neko	4675234		4877	2259	355	78	50	158
30885120	Firefly Neko	3953704		4724	2870	547	135	66	216
30885120	Firefly Neko	4496118		4675	566	34	22	11	23
30885120	Firefly Neko	5216542		3479	1166	92	12	3	18
30885120	Firefly Neko	2935047	DT	2683	1466	305	72	15	79
30885120	Firefly Neko	3449961		3963	1517	113	12	8	29
30885120	Firefly Neko	4979009		3969	2431	183	24	12	47
30885120	Firefly Neko	4094064	HT	11174	3878	57	2	1	15
30885120	Firefly Neko	4505431		4170	1424	92	9	11	30
30885120	Firefly Neko	4973733		3288	1839	125	10	2	36
30885120	Firefly Neko	4249332		3552	1502	60	3	1	3
8273098	My Angel Koishi	5563410		6329	3514	189	20	9	25
8273098	My Angel Koishi	5737040		7203	3953	183	24	12	35
8273098	My Angel Koishi	5107047		9341	6913	432	83	32	99
8273098	My Angel Koishi	5415139		3085	2325	276	42	21	40
8273098	My Angel Koishi	5729586		3829	1850	98	12	10	16
8273098	My Angel Koishi	5574376		4932	3256	299	62	15	57
8273098	My Angel Koishi	5574387		5500	3201	202	19	11	37
8273098	My Angel Koishi	3469849		9834	4332	597	116	77	148
8273098	My Angel Koishi	5611269		4715	3288	210	14	0	10
8273098	My Angel Koishi	4097226		9036	3573	518	82	55	136
8273098	My Angel Koishi	4487439		14253	7108	920	143	91	175
8273098	My Angel Koishi	5525565		3692	2419	144	10	12	23
8273098	My Angel Koishi	5273531		16769	5541	565	58	23	44
8273098	My Angel Koishi	5538251		6908	2238	148	8	1	6
8273098	My Angel Koishi	4983858		12186	5784	645	136	103	146
8273098	My Angel Koishi	5433961		4500	2780	266	58	24	68
8273098	My Angel Koishi	5516105		6556	3754	189	14	14	33
8273098	My Angel Koishi	5448390		7712	5453	497	92	34	103
8273098	My Angel Koishi	5515664		3945	2217	107	17	3	11
8273098	My Angel Koishi	2089432		7441	3240	306	32	19	45
8273098	My Angel Koishi	5042671		5490	2387	174	20	10	19
8273098	My Angel Koishi	3886726		7573	3247	363	51	15	51
8273098	My Angel Koishi	4032124		11898	6276	909	129	98	228
8273098	My Angel Koishi	4974366		9034	4330	467	49	27	93
8273098	My Angel Koishi	5517332	DT	2427	1651	220	55	24	64
8273098	My Angel Koishi	5525561		5919	4249	562	67	25	53
8273098	My Angel Koishi	4404683	HT	11938	3996	388	26	11	10
8273098	My Angel Koishi	4009587		5495	2583	252	37	25	33
8273098	My Angel Koishi	5616379		3138	1752	95	12	6	15
8273098	My Angel Koishi	3838922		4772	3235	310	50	30	62
8273098	My Angel Koishi	4404686		9090	3871	309	24	23	41
8273098	My Angel Koishi	5139638		7494	3206	367	61	55	89
8273098	My Angel Koishi	2220863	DT+MR	3381	1915	177	19	9	32
8273098	My Angel Koishi	2261284	DT	1941	1320	150	29	17	46
8273098	My Angel Koishi	4489995	DT	4708	2440	365	40	39	78
8273098	My Angel Koishi	5154675		8888	5512	821	132	86	161
8273098	My Angel Koishi	3144879	DT+MR	4301	1476	109	16	1	14
8273098	My Angel Koishi	4973158		6712	2304	147	8	9	20
8273098	My Angel Koishi	5031531	DT	1988	1285	118	36	9	68
8273098	My Angel Koishi	3953704		8624	3831	367	34	16	52
8273098	My Angel Koishi	4201708		6515	3257	533	93	68	134
8273098	My Angel Koishi	4224583		3631	1501	62	1	2	3
8273098	My Angel Koishi	3924687		6794	3248	416	39	30	73
8273098	My Angel Koishi	3844594		7437	3286	324	22	16	25
8273098	My Angel Koishi	5187460	DT	3682	1962	93	3	4	17
8273098	My Angel Koishi	3729442	DT	3063	1474	44	5	0	3
8273098	My Angel Koishi	3818593	DT	2577	1658	314	20	12	32
8273098	My Angel Koishi	4973159		7485	3360	276	16	8	18
8273098	My Angel Koishi	4009375		8498	3950	478	98	62	158
8273098	My Angel Koishi	4001513		7182	2421	151	8	2	6
8273098	My Angel Koishi	3497002		9613	3602	380	27	8	41
8273098	My Angel Koishi	3968336		7388	2313	150	9	13	7
8273098	My Angel Koishi	2848186	DT	4732	1946	229	54	25	50
8273098	My Angel Koishi	5525503		2925	2170	94	5	2	4
8273098	My Angel Koishi	3187056	DT	6940	4105	723	96	44	148
8273098	My Angel Koishi	4347923		10021	4960	583	66	28	92
8273098	My Angel Koishi	1679790	MR	1953	1175	179	24	14	24
8273098	My Angel Koishi	3995898	DT	3988	2106	348	19	12	42
8273098	My Angel Koishi	4205295	DT	1224	649	94	10	12	11
8273098	My Angel Koishi	4074807	DT	1230	627	110	23	11	39
8273098	My Angel Koishi	4965556		8156	3162	267	15	19	31
8273098	My Angel Koishi	4129720		8254	2496	160	27	35	40
8273098	My Angel Koishi	1802831	DT	5304	3467	663	137	68	164
8273098	My Angel Koishi	4231313		4094	1299	28	4	6	11
8273098	My Angel Koishi	5048955	DT	4980	2904	506	142	74	263
8273098	My Angel Koishi	5074941	HT	8783	3753	369	28	15	40
8273098	My Angel Koishi	4000342		10173	3455	328	16	9	19
8273098	My Angel Koishi	3918036		7059	2889	273	21	22	25
8273098	My Angel Koishi	4983824		8194	3287	252	21	16	30
8273098	My Angel Koishi	4673272		7573	2577	209	30	17	38
8273098	My Angel Koishi	5153901	DT	3098	2216	317	39	16	51
8273098	My Angel Koishi	4297374		3827	2271	443	111	85	128
8273098	My Angel Koishi	4079491	DT	1153	460	45	2	3	1
8273098	My Angel Koishi	4224584		3868	1097	27	2	0	6
8273098	My Angel Koishi	4722298	DT	5195	2864	360	25	15	19
8273098	My Angel Koishi	4675234		5297	2294	146	14	7	19
8273098	My Angel Koishi	4065224		3575	1692	209	32	16	36
8273098	My Angel Koishi	3226089	DT	2597	1565	104	10	1	15
8273098	My Angel Koishi	4973092		9099	3295	243	9	7	7
8273098	My Angel Koishi	3677003		6473	2373	70	2	0	2
8273098	My Angel Koishi	5504474		4873	2536	175	9	0	7
8273098	My Angel Koishi	3779106		7415	3068	239	17	5	33
8273098	My Angel Koishi	4498837		6807	2473	282	16	9	13
8273098	My Angel Koishi	4374839	DT	3110	1247	104	21	1	14
8273098	My Angel Koishi	3809992		8538	4388	599	38	30	42
8273098	My Angel Koishi	3517235	DT	5227	1972	142	3	3	3
8273098	My Angel Koishi	3401407	MR	3014	1299	107	7	7	10
8273098	My Angel Koishi	5549560		4106	1980	132	13	3	16
8273098	My Angel Koishi	3886482	DT	3657	2391	297	28	12	60
8273098	My Angel Koishi	3854653	DT	4578	2454	411	88	43	107
8273098	My Angel Koishi	2205806	DT	2376	678	72	0	1	5
8273098	My Angel Koishi	4005910	DT	1345	620	47	2	0	8
8273098	My Angel Koishi	3798808	DT	1703	560	26	4	0	3
8273098	My Angel Koishi	1900585	DT+MR	1683	348	21	8	3	7
8273098	My Angel Koishi	830448	DT+MR	4069	1559	238	31	9	33
8273098	My Angel Koishi	3879909		5118	2699	233	10	1	11
8273098	My Angel Koishi	884617	MR	2323	1092	122	8	8	16
8273098	My Angel Koishi	4554402	DT	2349	1610	249	23	15	19
8273098	My Angel Koishi	2935047	DT+MR	2804	1541	203	36	10	26
8273098	My Angel Koishi	2698643	DT	1104	473	22	2	0	0
8479894	Mars_	3838922	HT	4694	2947	496	106	77	139
8479894	Mars_	4009587	HT	2828	2306	400	58	25	87
8479894	Mars_	4001513	HT	4070	2827	289	36	9	39
8479894	Mars_	3469849	HT	5136	3998	1020	251	150	273
8479894	Mars_	3497002	HT	5869	3502	561	61	33	105
8479894	Mars_	3594454		1745	698	96	18	4	39
8479894	Mars_	4231313	HT	4094	1219	48	3	14	64
8479894	Mars_	3982473		4480	1023	45	12	24	41
8479894	Mars_	767046	DT	2337	1223	247	28	2	16
8479894	Mars_	3797369		2310	778	59	29	62	95
8479894	Mars_	2848186		4649	1471	185	23	11	25
8479894	Mars_	4404686	HT	4266	3669	794	153	147	228
8479894	Mars_	1679790	HT+MR	1911	1062	266	53	20	57
8479894	Mars_	2935047		3183	1245	138	21	5	28
8479894	Mars_	3879909	HT	4836	2688	415	53	23	57
8479894	Mars_	3886726	HT	3808	3186	732	182	100	192
8479894	Mars_	4065224	HT	2233	1573	305	35	14	81
8479894	Mars_	4520604	HT	2931	938	136	18	6	36
8479894	Mars_	3844594	HT	4829	3046	662	154	75	122
8479894	Mars_	3950097		3668	2730	544	126	62	158
8479894	Mars_	689769	DT	2093	945	146	26	0	41
8479894	Mars_	3968336	HT	4453	2472	401	85	46	144
8479894	Mars_	830448		4266	1489	158	11	2	13
8479894	Mars_	2365803		3874	1985	313	35	12	57
8479894	Mars_	3995898		2426	1746	283	39	12	57
8479894	Mars_	2769975		2837	1409	209	24	4	31
8479894	Mars_	3593479		1870	1076	117	13	1	10
8479894	Mars_	3401407	HT	2889	1195	262	33	4	61
8479894	Mars_	4312004	HT	4469	3176	543	62	41	82
8479894	Mars_	3347872		4490	2626	367	67	43	121
8479894	Mars_	3214350	DT	2085	1303	106	11	4	27
8479894	Mars_	884617	HT+MR	2080	1219	187	29	13	41
8479894	Mars_	3918036	HT	3399	2759	581	91	61	128
8479894	Mars_	3719385	DT	2248	1524	288	69	28	95
8479894	Mars_	3677003	HT	5164	3042	479	89	56	90
8479894	Mars_	1130570		2101	755	116	26	7	25
8479894	Mars_	4492096	HT	5359	2771	93	3	2	72
8479894	Mars_	4404687		3345	1982	380	54	27	66
8479894	Mars_	2792883		1614	742	119	18	7	21
8479894	Mars_	3165981		3438	1782	313	53	17	123
8479894	Mars_	975667	DT	2425	1104	137	15	4	15
8479894	Mars_	3886482		3718	2241	355	52	20	59
8479894	Mars_	3437094		3422	1804	334	84	21	82
8479894	Mars_	3644840		2158	737	102	14	1	43
8479894	Mars_	1612778	DT	2968	1436	171	26	9	76
8479894	Mars_	1900585		1735	285	32	5	0	13
8479894	Mars_	992512		3857	1729	241	31	9	24
8479894	Mars_	3728773		4445	1830	271	45	19	37
8479894	Mars_	3043451		3239	2354	422	68	23	95
8479894	Mars_	4005910		1132	808	74	4	0	4
8479894	Mars_	830047	DT	1380	623	100	11	3	16
8479894	Mars_	1120078		1796	772	104	10	2	16
8479894	Mars_	3980140		3638	2099	456	84	22	104
8479894	Mars_	1350666		1459	715	176	31	5	46
8479894	Mars_	1679797	HT	1974	903	134	11	3	28
8479894	Mars_	687323	DT	895	512	123	21	4	37
8479894	Mars_	1023967		1536	934	227	47	17	69
8479894	Mars_	1270895		1298	832	189	26	10	45
8479894	Mars_	429550	DT	1195	609	91	24	0	20
8479894	Mars_	2566506		2660	1371	191	30	18	36
8479894	Mars_	3838918		3273	2401	467	144	44	187
8479894	Mars_	865899		4477	1502	138	23	6	13
8479894	Mars_	3795349		2865	2009	278	42	21	45
8479894	Mars_	2205806		2350	639	116	10	2	15
8479894	Mars_	2552545		4712	2670	310	29	15	55
8479894	Mars_	3537060		1883	1232	329	84	28	114
8479894	Mars_	1101044	DT	2524	900	78	9	3	11
8479894	Mars_	690909	DT	2238	1550	353	93	25	130
8479894	Mars_	620333		3474	1549	192	34	9	50
8479894	Mars_	421066		2689	1232	241	39	6	72
8479894	Mars_	3940625	HT	4503	3086	653	147	63	141
8479894	Mars_	3684026		3861	2184	340	41	13	68
8479894	Mars_	923665	DT	2044	1659	413	101	21	122
8479894	Mars_	1231418		3727	1718	196	33	10	36
8479894	Mars_	963330	DT	2582	1032	146	13	1	15
8479894	Mars_	3389406	HT	4978	2078	373	69	25	63
8479894	Mars_	553820		2112	870	70	5	1	6
8479894	Mars_	3550706		1725	736	106	18	9	32
8479894	Mars_	4249332		2194	2188	483	119	44	93
8479894	Mars_	4249326		234	292	50	6	3	8
8479894	Mars_	3165982		3296	1409	165	17	9	57
8479894	Mars_	1091460	DT	1224	505	119	25	1	13
8479894	Mars_	2387330	DT	1577	629	66	2	2	11
8479894	Mars_	2217170		1609	728	108	20	7	31
8479894	Mars_	4065230		1476	1212	214	33	10	35
8479894	Mars_	4462082		3250	1955	349	38	22	51
8479894	Mars_	834370	DT	1175	597	53	1	0	3
8479894	Mars_	3302254		1529	1209	197	35	17	46
8479894	Mars_	3796165		1859	544	39	25	40	38
8479894	Mars_	3809992	HT	4524	3602	908	202	76	203
8479894	Mars_	2261284		1240	878	224	42	30	52
8479894	Mars_	1565693	DT	1756	1081	205	50	9	63
8479894	Mars_	869196	DT	2470	1114	237	51	14	60
8479894	Mars_	948777		2892	1512	467	74	24	93
8479894	Mars_	1946528		3277	1449	120	10	3	11
8479894	Mars_	2620490		3089	1194	154	28	5	36
8479894	Mars_	2552572		3407	1527	151	20	9	44
8479894	Mars_	784054	DT	824	483	79	9	2	5
8479894	Mars_	1349306		1470	737	116	15	7	20
8479894	Mars_	4251367		259	251	33	3	3	4
10083439	bojii	5563410		7850	2138	61	9	11	17
10083439	bojii	5107047		12063	4378	273	45	39	102
10083439	bojii	5737040		8405	2798	130	25	14	38
10083439	bojii	3469849		8051	2494	162	39	23	59
10083439	bojii	5574376		6073	2304	149	35	16	44
10083439	bojii	5574387		6573	2224	105	18	13	37
10083439	bojii	5729586		4278	1453	53	12	5	14
10083439	bojii	5611269		5685	2443	83	4	4	18
10083439	bojii	5433961		5384	2132	114	16	10	40
10083439	bojii	5415139		3480	1941	213	50	33	72
10083439	bojii	5517332	DT	2890	1368	104	29	8	42
10083439	bojii	5124135		5963	608	13	17	11	10
10083439	bojii	4487439		11140	4536	359	75	44	126
10083439	bojii	5273531		12038	2858	83	11	2	8
10083439	bojii	5525561		7554	3067	185	21	13	35
10083439	bojii	4097226		6328	2549	213	41	28	91
10083439	bojii	5448390		9602	3873	237	55	36	88
10083439	bojii	4983858		8572	4080	218	38	27	65
10083439	bojii	5516105		8082	2404	52	3	4	15
10083439	bojii	4297374		3594	1320	108	19	31	41
10083439	bojii	3838922		6337	1919	128	28	19	28
10083439	bojii	5538251		7774	1493	26	6	2	8
10083439	bojii	2089432		6399	1769	91	17	10	17
10083439	bojii	5525565		3986	2141	113	14	18	28
10083439	bojii	5525503	DT	2541	2093	285	95	78	108
10083439	bojii	5515664		4626	1589	66	8	2	9
10083439	bojii	4009587	MR	4080	1575	36	1	4	8
10083439	bojii	3886726		5951	2078	116	13	13	29
10083439	bojii	4404683		6826	3443	375	81	51	147
10083439	bojii	5694389		6672	2001	33	1	1	7
10083439	bojii	3797369	DT	2441	697	103	37	4	51
10083439	bojii	4032124		8019	4282	391	85	61	112
10083439	bojii	4974366		6940	2784	171	34	23	48
10083439	bojii	5616379		3645	1323	41	1	0	8
10083439	bojii	1679790	MR	2569	713	62	7	4	14
10083439	bojii	5154675		6754	3403	265	53	24	101
10083439	bojii	1802831	DT	4337	2191	204	43	30	84
10083439	bojii	3479099	DT	3331	1389	148	40	16	76
10083439	bojii	5139638		5973	2433	133	24	20	46
10083439	bojii	2220863	DT+MR	4008	1372	108	12	8	25
10083439	bojii	5812582		2754	1014	151	37	8	36
10083439	bojii	4009375		6977	2748	152	47	17	43
10083439	bojii	4404686		6907	2177	128	16	7	22
10083439	bojii	3844594		7005	1815	41	9	9	9
10083439	bojii	5048955	DT	2881	1922	235	42	32	92
10083439	bojii	4201708		4288	2263	208	47	24	70
10083439	bojii	2261284	DT	1527	788	91	20	6	34
10083439	bojii	4249332	DT	2961	1853	184	42	32	49
10083439	bojii	5677353	DT	2906	1765	204	80	47	118
10083439	bojii	5042671		2934	1703	119	14	8	22
10083439	bojii	3144879	DT	4713	1129	57	3	6	9
10083439	bojii	3982473	DT	4952	616	20	18	0	19
10083439	bojii	5153884	DT	3641	2055	375	124	45	117
10083439	bojii	4973159		6260	1778	67	4	5	9
10083439	bojii	2848186	DT	5016	1133	123	42	16	34
10083439	bojii	4489995	DT	2420	1689	125	41	18	37
10083439	bojii	3950097	DT	4277	2397	327	94	31	162
10083439	bojii	3437094	DT	4134	1355	169	28	14	47
10083439	bojii	5187460	DT	4500	1165	67	8	3	18
10083439	bojii	3497002		7843	2190	71	12	2	13
10083439	bojii	4973158		5053	1369	49	8	8	13
10083439	bojii	4065224		3219	968	36	6	3	9
10083439	bojii	4393933		4547	1493	74	4	6	12
10083439	bojii	5031531	DT	2293	946	161	34	8	62
10083439	bojii	4001513		5849	1389	31	1	0	0
10083439	bojii	3729442	DT	3590	953	30	6	4	6
10083439	bojii	4074807	DT	609	441	43	7	2	9
10083439	bojii	3547073	DT	5593	2501	417	117	37	142
10083439	bojii	4094064		11984	3089	47	2	0	5
10083439	bojii	5153901	DT	3712	1774	154	38	18	41
10083439	bojii	4231313		5303	132	0	5	1	1
10083439	bojii	2365803	DT	4502	1565	137	24	9	39
10083439	bojii	5734109		3296	811	123	31	14	19
10083439	bojii	3858523	DT	1580	840	135	40	13	47
10083439	bojii	3968336		6234	1283	60	8	7	9
10083439	bojii	3953704		5514	2761	206	25	17	35
10083439	bojii	5133848	DT	2088	477	75	24	6	31
10083439	bojii	5526027	HD	3723	330	11	24	9	10
10083439	bojii	5166606	DT	5042	1937	246	44	6	43
10083439	bojii	3924687		3388	2648	192	30	9	33
10083439	bojii	4205295	DT	650	415	17	4	0	7
10083439	bojii	3187056	DT	5345	2660	341	108	39	109
10083439	bojii	3594454	DT	1597	811	110	42	3	37
10083439	bojii	3918036		5270	1672	57	9	3	8
10083439	bojii	4009399		2648	765	64	7	5	11
10083439	bojii	4722298	DT	3873	1789	75	11	0	9
10083439	bojii	5269878		9515	4379	790	90	42	78
10083439	bojii	3809992		6961	2427	87	13	7	20
10083439	bojii	5510352	DT	7888	2208	179	13	7	5
10083439	bojii	3795349	DT	3647	1509	75	7	7	15
10083439	bojii	5493993	DT	5126	3494	536	176	84	234
10083439	bojii	4616615		5455	1048	23	3	4	6
10083439	bojii	5591454	DT	3841	554	40	9	0	19
10083439	bojii	4000342		7905	1950	69	4	6	16
10083439	bojii	5454604	MR	4930	930	93	19	10	34
10083439	bojii	5491436		5510	1367	22	5	1	5
10083439	bojii	3226089	DT	3050	1193	37	2	4	6
10083439	bojii	5256879	DT+MR	2976	1619	220	60	37	88
10083439	bojii	5074941	HT	7100	2117	168	19	13	31
10083439	bojii	2935047	DT	3584	953	52	14	4	13
1033244	jihak0210	5273531		9625	4896	288	44	28	119
1033244	jihak0210	5107047	HT+MR	10181	6245	330	45	25	74
1033244	jihak0210	5538251		6147	2908	193	30	3	28
1033244	jihak0210	3469849		6329	3564	493	127	88	227
1033244	jihak0210	5563410		4913	4083	693	144	46	207
1033244	jihak0210	4009587		3248	2152	212	31	16	45
1033244	jihak0210	4231313	MR	4720	690	18	4	3	7
1033244	jihak0210	4001513		5320	1833	70	11	7	29
1033244	jihak0210	2089432		4825	2924	329	73	35	117
1033244	jihak0210	3838922	MR	5150	2667	325	126	46	145
1033244	jihak0210	4404683	HT	6304	4118	334	47	28	92
1033244	jihak0210	3886726	MR	4882	2713	375	80	22	128
1033244	jihak0210	5574376	HT	5708	2657	192	21	12	31
1033244	jihak0210	5611269		3938	3471	545	107	43	133
1033244	jihak0210	3497002	MR	6690	3033	262	33	18	95
1033244	jihak0210	5737040	HT	8023	3226	121	9	6	25
1033244	jihak0210	5729586		2933	2239	397	105	37	104
1033244	jihak0210	5616379		2492	2167	265	27	17	50
1033244	jihak0210	4973158		4034	2169	178	27	31	61
1033244	jihak0210	4973159		4945	2756	277	36	16	93
1033244	jihak0210	5124135	MR	4222	1747	328	122	128	75
1033244	jihak0210	3968336	MR	5125	2154	194	37	36	55
1033244	jihak0210	4983858		6158	5525	714	170	90	343
1033244	jihak0210	3844594		5293	3019	377	55	17	127
1033244	jihak0210	4065224		2636	1367	135	32	15	56
1033244	jihak0210	4000342		6523	3019	277	46	17	68
1033244	jihak0210	4404686		5281	3272	446	61	33	164
1033244	jihak0210	3729442	DT	2860	1478	158	22	16	55
1033244	jihak0210	4974366		5370	3687	516	120	60	247
1033244	jihak0210	4722298	DT	3227	2220	212	26	12	60
1033244	jihak0210	1679790	MR	2022	1010	213	49	9	66
1033244	jihak0210	4183517		3148	877	95	23	9	43
1033244	jihak0210	3677003		6267	2418	167	19	7	42
1033244	jihak0210	4224583		3207	1679	195	37	13	69
1033244	jihak0210	4297374	HT+MR	3538	1475	77	5	3	15
1033244	jihak0210	5515664		3181	2495	407	83	25	109
1033244	jihak0210	5143616		6077	2302	152	22	9	52
1033244	jihak0210	3953704		4756	3120	442	74	39	127
1033244	jihak0210	4673272	MR	4973	2080	234	39	32	86
1033244	jihak0210	1900585	NC	1812	192	34	17	5	10
1033244	jihak0210	3918036	MR	4084	2507	307	27	31	63
1033244	jihak0210	3879909	MR	5271	2477	252	26	10	36
1033244	jihak0210	4964418		5024	2093	163	23	18	40
1033244	jihak0210	4009375		5566	3417	549	124	65	263
1033244	jihak0210	5074941	HT	5583	3236	405	57	34	133
1033244	jihak0210	4487439	HT+MR	10427	5152	506	61	27	107
1033244	jihak0210	5042671	MR	2059	2267	316	35	31	92
1033244	jihak0210	4492096	MR	7493	747	14	9	19	18
1033244	jihak0210	5153884		4289	1940	108	6	2	12
1033244	jihak0210	4404685		5160	2165	140	13	4	30
1033244	jihak0210	4224584	MR	3205	1573	171	11	4	36
1033244	jihak0210	4965556	MR	5252	3004	354	58	22	135
1033244	jihak0210	4347923		5760	4047	598	106	41	198
1033244	jihak0210	4129720		5016	2333	238	52	65	125
1033244	jihak0210	3517235	NC	2773	1749	144	19	3	30
1033244	jihak0210	3389406	MR	5815	1574	141	19	8	29
1033244	jihak0210	4032124	HT	8346	4118	344	31	31	80
1033244	jihak0210	3982473	NC	3276	1882	293	54	13	107
1033244	jihak0210	3809992	MR	5073	3743	464	85	30	120
1033244	jihak0210	3563179		2350	793	63	8	5	17
1033244	jihak0210	2205806	NC	2043	938	122	9	3	17
1033244	jihak0210	4201708	HT+MR	4699	1944	195	18	5	39
1033244	jihak0210	4065226		2482	997	48	9	2	13
1033244	jihak0210	4763049	HT	4498	1190	107	11	13	11
1033244	jihak0210	4973089		3043	1562	116	16	15	48
1033244	jihak0210	4005910	NC	1210	705	68	17	2	20
1033244	jihak0210	3449261	MR	3786	1193	69	6	7	16
1033244	jihak0210	5136748		2716	687	38	3	5	8
1033244	jihak0210	4097226	HT	5647	3057	383	61	12	90
1033244	jihak0210	5124136		4441	960	48	30	31	24
1033244	jihak0210	5095484	HT	5382	911	57	7	0	9
1033244	jihak0210	1531013		2482	409	17	2	0	12
1033244	jihak0210	3797369	MR	3188	144	0	0	0	1
1033244	jihak0210	3537060		2840	770	51	0	2	7
1033244	jihak0210	3401407		2853	1264	233	35	10	49
1033244	jihak0210	4185165	MR	2984	731	50	1	0	7
1033244	jihak0210	5095486		3914	1605	295	89	22	77
1033244	jihak0210	5154426		7918	4715	257	20	12	48
1033244	jihak0210	1679797		2242	697	93	6	1	14
1033244	jihak0210	4498837		2878	2239	238	42	11	65
1033244	jihak0210	3924687		2723	2905	418	97	33	124
1033244	jihak0210	2180866		3377	1405	189	32	14	70
1033244	jihak0210	4520604		2757	1062	176	25	15	30
1033244	jihak0210	3779106		6188	3853	449	79	43	165
1033244	jihak0210	4616615		3744	2346	275	45	22	107
1033244	jihak0210	5158166		2586	1012	181	18	7	44
1033244	jihak0210	5169604		2833	790	59	8	4	43
1033244	jihak0210	3449961		4186	1378	53	5	5	15
1033244	jihak0210	3344165		3088	754	39	0	7	5
1033244	jihak0210	5504414		3056	1918	239	39	13	35
1033244	jihak0210	5187460	NC	3066	2147	325	67	17	139
1033244	jihak0210	4520624		5220	2262	171	10	8	20
1033244	jihak0210	4145957	MR	5208	1595	236	33	14	79
1033244	jihak0210	4496118		4491	808	22	2	4	4
1033244	jihak0210	4973092		3603	2679	260	23	46	89
1033244	jihak0210	5526025		2783	816	38	30	10	24
1033244	jihak0210	4481282		3167	1544	95	10	3	12
1033244	jihak0210	5493993		5942	3366	272	21	11	38
1033244	jihak0210	3682399		5586	2724	378	75	22	78
1033244	jihak0210	3769131		6297	2347	315	80	20	135
10790649	Kalkai	5525503	DT	6502	2193	181	61	51	112
10790649	Kalkai	5563410		11861	2117	75	4	11	18
10790649	Kalkai	5107047		13568	3173	85	21	6	47
10790649	Kalkai	5415139		6642	1633	107	18	12	46
10790649	Kalkai	5574376		6719	1827	45	6	5	19
10790649	Kalkai	5737040		13793	2368	88	17	18	36
10790649	Kalkai	3469849		12353	2476	177	25	21	52
10790649	Kalkai	5729586		7011	1070	23	3	5	8
10790649	Kalkai	5517332	DT	5406	1314	98	16	6	39
10790649	Kalkai	5574387		7015	1874	55	9	3	14
10790649	Kalkai	5433961		6262	1358	45	6	2	23
10790649	Kalkai	4487439		12393	3597	197	24	9	60
10790649	Kalkai	5677353	DT	3378	1536	143	19	8	36
10790649	Kalkai	5611269		11045	2351	100	16	12	21
10790649	Kalkai	4097226		6896	2152	132	13	7	50
10790649	Kalkai	5616379	DT	5711	2343	385	102	59	226
10790649	Kalkai	4983858		15292	3421	162	32	24	69
10790649	Kalkai	5448390		10445	3244	117	16	14	55
10790649	Kalkai	5538251	DT	5803	2883	370	77	23	153
10790649	Kalkai	5273531	DT	7789	5753	737	259	76	386
10790649	Kalkai	4297374		3896	1104	63	11	11	28
10790649	Kalkai	5525561		8435	2312	70	16	6	36
10790649	Kalkai	5525565		8890	1646	62	20	36	46
10790649	Kalkai	5048955	DT	6291	2193	244	38	20	83
10790649	Kalkai	5124135	MR	6208	358	20	10	12	14
10790649	Kalkai	5074941		8717	3407	484	107	64	209
10790649	Kalkai	4404685	DT	6896	3008	328	62	46	157
10790649	Kalkai	3879909	DT	4695	2693	408	105	30	141
10790649	Kalkai	4032124		9447	3166	193	41	22	81
10790649	Kalkai	4404683		7297	3241	234	45	17	89
10790649	Kalkai	3838922		7074	1292	42	15	5	31
10790649	Kalkai	5516105		8718	1810	19	0	2	11
10790649	Kalkai	2089432	MR	7103	1164	21	0	1	14
10790649	Kalkai	3479099	DT	3591	1264	100	20	5	20
10790649	Kalkai	5493993	DT	9568	3658	535	103	69	167
10790649	Kalkai	3950097	DT	4723	2263	191	29	9	73
10790649	Kalkai	4001513	DT	5987	2960	470	104	56	193
10790649	Kalkai	2261284	DT	1706	690	56	2	1	11
10790649	Kalkai	3886726		6540	1592	46	5	3	14
10790649	Kalkai	1802831	DT	4886	1772	147	22	11	51
10790649	Kalkai	4224584	DT	2949	1553	273	67	42	116
10790649	Kalkai	5515664		7700	1333	46	0	3	18
10790649	Kalkai	4974366		7629	2252	64	13	7	35
10790649	Kalkai	4973092	DT	3319	2828	349	59	38	107
10790649	Kalkai	5139638		7017	1525	50	9	8	20
10790649	Kalkai	5153884	DT	3837	2084	259	79	18	80
10790649	Kalkai	5154675		7465	2847	181	19	11	77
10790649	Kalkai	4074807	DT	1511	467	45	6	2	9
10790649	Kalkai	5812582	MR	2957	892	98	24	1	28
10790649	Kalkai	4201708	MR	4977	1728	102	22	13	58
10790649	Kalkai	1679790	MR	2697	634	27	5	1	5
10790649	Kalkai	5042671		6296	1706	64	8	6	20
10790649	Kalkai	4973089	DT	2645	1758	229	52	36	80
10790649	Kalkai	4009587		4190	1458	40	6	1	9
10790649	Kalkai	4249332	DT	3207	1739	100	21	12	42
10790649	Kalkai	5031531	DT	2557	796	98	20	5	28
10790649	Kalkai	4520624	DT	4372	2729	333	67	28	162
10790649	Kalkai	4065226	DT	2109	1159	151	42	15	75
10790649	Kalkai	3858523	DT	2710	1072	138	13	14	48
10790649	Kalkai	4893442	DT	3804	1741	316	70	18	137
10790649	Kalkai	4009375		7503	2332	102	12	8	27
10790649	Kalkai	4481282	DT	4671	2039	278	38	34	68
10790649	Kalkai	2220863	DT	4189	1257	69	5	2	11
10790649	Kalkai	5694389		10275	1865	78	19	15	38
10790649	Kalkai	5807612	DT	5490	1890	129	18	11	62
10790649	Kalkai	4964418	DT	4093	2520	424	96	48	180
10790649	Kalkai	5095484		5180	990	109	32	9	46
10790649	Kalkai	5734109		3888	374	25	0	1	6
10790649	Kalkai	5256879	DT	3329	1453	141	21	12	44
10790649	Kalkai	4404686		7404	1785	48	6	3	11
10790649	Kalkai	4489995	DT	5313	2011	240	32	35	39
10790649	Kalkai	3797369	DT	2410	691	141	32	3	56
10790649	Kalkai	3594454	DT	1968	498	76	40	4	14
10790649	Kalkai	2848186	DT	5395	858	85	9	6	11
10790649	Kalkai	4624979	DT	3480	1973	321	73	30	85
10790649	Kalkai	3924687		7881	2515	140	20	16	28
10790649	Kalkai	4973733	DT	3097	1808	207	46	41	101
10790649	Kalkai	3818593	DT	3111	1306	141	9	15	31
10790649	Kalkai	4205295	DT	1564	404	25	1	1	5
10790649	Kalkai	4763049		4253	1223	237	62	9	46
10790649	Kalkai	5153901	DT	4083	1521	91	8	8	26
10790649	Kalkai	3844594		7082	1741	46	8	2	9
10790649	Kalkai	3953704		10281	2432	149	17	7	38
10790649	Kalkai	5603946	DT	3344	1412	233	26	15	55
10790649	Kalkai	4498837	DT	2524	2344	343	89	37	136
10790649	Kalkai	4973158		5380	1099	16	1	0	4
10790649	Kalkai	2167361	NC	1619	710	102	25	7	46
10790649	Kalkai	3547073	DT	5835	2356	374	84	21	137
10790649	Kalkai	4282582		4928	1346	218	39	9	78
10790649	Kalkai	4347923		12394	3016	245	40	21	34
10790649	Kalkai	1023967	DT+MR	1809	849	115	25	8	24
10790649	Kalkai	3144879	DT	5011	824	54	5	2	21
10790649	Kalkai	3497002		8210	1872	41	3	1	4
10790649	Kalkai	4973159		6470	1591	49	1	5	7
10790649	Kalkai	4065224		3403	814	18	1	0	5
10790649	Kalkai	4554404	DT	3011	1353	168	34	16	45
10790649	Kalkai	4663990	DT	1856	1169	148	16	5	25
10790649	Kalkai	5454604		5528	450	25	5	0	8
10790649	Kalkai	4763044		4288	977	115	18	3	28
10790649	Kalkai	3735376	DT	5168	2476	378	127	29	175
13313526	Ox Q	5107047	HT	8907	7327	551	44	24	47
13313526	Ox Q	5538251		5648	3192	342	56	17	54
13313526	Ox Q	5563410	HT	6196	3691	155	18	14	12
13313526	Ox Q	5273531	HT	8476	6252	232	18	11	11
13313526	Ox Q	3469849	HT	6010	4243	475	48	26	26
13313526	Ox Q	4404683	HT	5760	4361	578	92	45	87
13313526	Ox Q	5677353		3333	1614	139	15	2	17
13313526	Ox Q	5611269	HT	4247	3730	214	24	6	16
13313526	Ox Q	5729586	HT	3707	1974	114	6	5	9
13313526	Ox Q	5574387	HT	5849	2892	167	20	16	26
13313526	Ox Q	4001513		4252	2694	236	28	17	43
13313526	Ox Q	5737040	HT	7146	3874	295	35	15	45
13313526	Ox Q	5616379		2311	2275	319	44	19	50
13313526	Ox Q	5574376	HT	4515	3552	425	59	31	39
13313526	Ox Q	4404686	HT	5327	3563	316	23	10	18
13313526	Ox Q	5448390	HT	7644	5528	524	60	38	97
13313526	Ox Q	3886726	HT	4880	2965	288	35	9	23
13313526	Ox Q	4009587	HT	3472	2117	104	6	2	3
13313526	Ox Q	3838922	HT	5471	2730	212	22	6	18
13313526	Ox Q	4297374	HT	3090	1778	189	12	15	29
13313526	Ox Q	5433961	HT	3981	3353	266	26	26	44
13313526	Ox Q	5516105	HT	6334	3958	210	20	16	22
13313526	Ox Q	4487439	HT	8731	6649	662	110	43	85
13313526	Ox Q	5525561	HT	6210	4019	532	59	22	33
13313526	Ox Q	4032124	HT	7518	4713	535	67	38	79
13313526	Ox Q	4097226	HT	4800	3860	427	69	39	55
13313526	Ox Q	4983858	HT	6784	5438	609	82	26	61
13313526	Ox Q	4974366	HT	5687	3820	390	51	15	37
13313526	Ox Q	5515664	HT	3633	2435	176	31	11	14
13313526	Ox Q	5415139	HT	2784	2367	481	85	33	39
13313526	Ox Q	4347923	HT	6393	3891	353	39	25	49
13313526	Ox Q	5124135	HT	4900	1541	96	7	4	74
13313526	Ox Q	5525565	HT	3141	2780	287	28	30	34
13313526	Ox Q	2089432	HT	5087	2908	239	28	14	27
13313526	Ox Q	3497002		4985	3925	846	147	48	180
13313526	Ox Q	3797369		2436	844	36	6	0	11
13313526	Ox Q	5139638	HT	5187	2965	337	64	30	46
13313526	Ox Q	4973159	HT	5045	2810	233	17	10	8
13313526	Ox Q	4201708	HT	3591	2778	366	70	32	63
13313526	Ox Q	3924687	HT	2967	3048	225	28	13	19
13313526	Ox Q	4965556	HT	5343	3103	305	37	10	27
13313526	Ox Q	1679790	HT	2043	1132	160	19	2	13
13313526	Ox Q	5734109	HT	3140	1001	116	15	4	18
13313526	Ox Q	3844594	HT	5806	2782	261	17	9	13
13313526	Ox Q	5154675	HT	5307	4432	629	99	47	86
13313526	Ox Q	5812582	HT	2397	1225	297	43	8	30
13313526	Ox Q	3809992	HT	5743	3325	389	35	5	18
13313526	Ox Q	3918036	HT	4183	2525	271	14	10	16
13313526	Ox Q	5042671	HT	2232	2171	331	19	22	25
13313526	Ox Q	5504474	HT	4497	2760	294	21	9	19
13313526	Ox Q	4009375	HT	5404	3708	634	129	33	76
13313526	Ox Q	5154426		6042	5667	988	126	44	103
13313526	Ox Q	4065224	HT	2495	1566	152	10	5	13
13313526	Ox Q	5466814	HT	3109	1612	186	13	5	7
13313526	Ox Q	3953704	HT	4111	3731	584	80	33	19
13313526	Ox Q	4973158	HT	3639	2477	319	30	13	22
13313526	Ox Q	3968336	HT	5012	2282	233	29	15	30
13313526	Ox Q	5807612		2512	1773	254	34	3	24
13313526	Ox Q	4763049	HT	3510	1633	474	92	35	86
13313526	Ox Q	4710481		1863	1349	219	23	9	38
13313526	Ox Q	5133848		2217	409	38	9	12	16
13313526	Ox Q	5048955		2671	2028	370	89	23	23
13313526	Ox Q	4009399	HT	2229	1032	196	22	4	17
13313526	Ox Q	4000342	HT	5798	3526	539	53	14	20
13313526	Ox Q	2935047		3296	1210	100	10	2	2
13313526	Ox Q	5031531		2001	1225	196	35	15	32
13313526	Ox Q	4404685		3372	3119	732	155	33	101
13313526	Ox Q	3950097		3461	3020	656	87	17	47
13313526	Ox Q	3838918		3382	2459	529	86	19	41
13313526	Ox Q	4496118		3342	1410	395	93	22	69
13313526	Ox Q	5591454		3565	816	65	5	4	8
13313526	Ox Q	5188416		2734	550	73	5	4	15
13313526	Ox Q	3886482		3981	2177	251	18	5	13
13313526	Ox Q	4498837		2082	2461	659	129	54	88
13313526	Ox Q	3416761		3053	1803	272	22	7	30
13313526	Ox Q	830448		4531	1318	74	9	2	5
13313526	Ox Q	2727115		3611	3181	902	146	30	76
13313526	Ox Q	4225836		3521	1685	350	35	10	34
13313526	Ox Q	4496074		3083	1380	45	15	8	22
13313526	Ox Q	4070865		2283	1306	266	12	6	11
13313526	Ox Q	3302254		1656	1184	152	15	10	16
13313526	Ox Q	5517332		1916	1911	494	86	20	14
13313526	Ox Q	4481282		1916	2234	515	77	32	57
13313526	Ox Q	5424033		2101	580	47	5	0	1
13313526	Ox Q	3995898		2443	1727	310	31	14	38
13313526	Ox Q	3144879		3657	1889	293	43	15	20
13313526	Ox Q	3187056		4293	3396	694	127	23	69
13313526	Ox Q	5493993		3874	4223	1194	217	59	83
13313526	Ox Q	1120078		2000	625	67	2	2	4
13313526	Ox Q	3437094		3493	1746	394	70	9	35
13313526	Ox Q	3980140		3437	2377	490	57	17	25
13313526	Ox Q	5548311		2224	1855	259	32	13	17
13313526	Ox Q	3817221		1537	884	187	21	3	23
13313526	Ox Q	3795349		3057	1893	266	32	7	5
13313526	Ox Q	4462082		3296	2078	245	27	7	12
13313526	Ox Q	4000783		1775	703	86	7	8	12
13313526	Ox Q	3644840		2061	823	147	6	0	18
13313526	Ox Q	3456870		4838	3447	710	69	23	83
13313526	Ox Q	4231307		2738	1021	86	15	6	12
13313526	Ox Q	2620490		3315	1090	87	6	2	6
13656264	palmEuEi	5107047	HT	9727	6301	643	89	36	104
13656264	palmEuEi	3469849	HT+MR	7344	3071	300	44	15	54
13656264	palmEuEi	5563410	HT	6544	3239	238	24	11	30
13656264	palmEuEi	5538251		5454	3259	424	61	22	89
13656264	palmEuEi	4404683	HT	6414	3908	391	70	32	108
13656264	palmEuEi	5273531	HT	8811	5702	405	33	11	38
13656264	palmEuEi	5611269		3643	3743	532	108	39	172
13656264	palmEuEi	5574376	HT	5149	3039	322	42	22	47
13656264	palmEuEi	5737040	HT	7692	3409	237	14	12	46
13656264	palmEuEi	4001513	MR	4600	2338	205	45	12	70
13656264	palmEuEi	5729586	HT	3862	1763	144	17	6	23
13656264	palmEuEi	4404686	HT	6199	2790	211	18	10	29
13656264	palmEuEi	5415139	HT	3170	2283	253	31	8	44
13656264	palmEuEi	5616379	MR	2401	2174	313	41	16	73
13656264	palmEuEi	5677353		3271	1603	188	20	8	30
13656264	palmEuEi	5574387	HT	5613	3000	273	27	15	42
13656264	palmEuEi	5525503		2624	2256	225	31	15	49
13656264	palmEuEi	3886726	HT	5587	2363	188	30	10	22
13656264	palmEuEi	4487439	HT	10604	5041	453	56	27	99
13656264	palmEuEi	4297374	HT+MR	3354	1580	136	9	10	24
13656264	palmEuEi	3838922	HT+MR	6220	1993	179	14	9	44
13656264	palmEuEi	4983858	HT	7912	4644	333	43	13	55
13656264	palmEuEi	4097226	HT	5727	3091	319	41	14	58
13656264	palmEuEi	5448390	HT	8316	4796	554	77	30	118
13656264	palmEuEi	4973089		3124	1510	98	13	19	36
13656264	palmEuEi	4032124	HT	8304	4147	361	45	11	82
13656264	palmEuEi	5124135	HT+MR	6231	326	22	4	0	39
13656264	palmEuEi	4000342		5889	3376	474	74	28	109
13656264	palmEuEi	5433961	HT	4472	2812	310	36	14	52
13656264	palmEuEi	4009587	HT	3642	1908	132	7	2	13
13656264	palmEuEi	5525561	HT	6559	3738	462	50	16	50
13656264	palmEuEi	5525565	HT	3657	2395	194	23	12	19
13656264	palmEuEi	4224584		3103	1647	145	32	18	55
13656264	palmEuEi	4498837	MR	2852	2273	235	46	15	52
13656264	palmEuEi	5694389	HT	5785	2656	214	19	7	34
13656264	palmEuEi	4224583		2812	1958	242	66	26	96
13656264	palmEuEi	3677003		5505	2876	360	51	20	108
13656264	palmEuEi	4973092		3457	2797	352	33	23	38
13656264	palmEuEi	4347923	HT	7263	3158	253	21	16	39
13656264	palmEuEi	5042671		2257	1988	327	64	35	129
13656264	palmEuEi	4404685		4731	2428	250	32	14	57
13656264	palmEuEi	5515664	HT	3870	2234	155	20	5	16
13656264	palmEuEi	5516105	HT	6487	3631	365	34	13	30
13656264	palmEuEi	3497002	MR	5511	3629	638	119	27	207
13656264	palmEuEi	4893442		4199	1603	213	18	12	41
13656264	palmEuEi	3797369		3153	161	4	1	6	8
13656264	palmEuEi	4974366	HT	6039	3526	337	39	15	44
13656264	palmEuEi	3879909	MR	4582	2927	403	50	24	86
13656264	palmEuEi	4964418		4370	2502	342	47	16	84
13656264	palmEuEi	4201708	HT+MR	4109	2462	238	27	15	49
13656264	palmEuEi	4673272		4553	2226	397	79	34	155
13656264	palmEuEi	3918036	MR	3684	2674	441	85	29	106
13656264	palmEuEi	4009375	HT+MR	6703	2914	278	28	15	46
13656264	palmEuEi	3968336	MR	4419	2481	400	108	56	137
13656264	palmEuEi	4973159		4131	3119	576	116	28	153
13656264	palmEuEi	5153884		3913	2057	287	39	8	53
13656264	palmEuEi	1679790	HT	2504	761	81	11	3	9
13656264	palmEuEi	2089432	HT+MR	5576	2420	255	20	2	30
13656264	palmEuEi	5139638	HT	5651	2651	242	26	13	46
13656264	palmEuEi	5812582	HT	2728	1059	139	26	9	39
13656264	palmEuEi	4065226		2239	1130	130	15	7	30
13656264	palmEuEi	4983824		3620	2634	380	64	58	144
13656264	palmEuEi	4005910	NC	1152	686	132	18	2	32
13656264	palmEuEi	3517235	DT+MR	2468	1869	258	38	27	58
13656264	palmEuEi	5095484	HT	5017	1069	174	24	10	72
13656264	palmEuEi	5031531		2832	617	36	2	5	12
13656264	palmEuEi	3594454		2214	343	31	3	1	8
13656264	palmEuEi	1227568	DT+MR	2712	957	141	10	4	24
13656264	palmEuEi	1630021	DT	2364	1372	184	38	21	48
13656264	palmEuEi	3779106	MR	6039	3696	604	140	62	236
13656264	palmEuEi	4094064	HT	9457	5366	274	14	2	14
13656264	palmEuEi	4079491	DT+MR	478	395	48	8	5	22
13656264	palmEuEi	4973158	MR	3211	2526	441	106	69	147
13656264	palmEuEi	5154675	HT	5701	4087	600	73	41	98
13656264	palmEuEi	4505431		3589	1895	170	21	11	50
13656264	palmEuEi	4481282		2883	1662	188	36	16	46
13656264	palmEuEi	3844594	HT	6209	2405	211	28	6	29
13656264	palmEuEi	4763049	HT	3977	1391	324	41	34	63
13656264	palmEuEi	4554406		1849	1014	162	35	5	49
13656264	palmEuEi	3950097		4405	2518	283	28	9	45
13656264	palmEuEi	3924687	HT	3236	2722	281	30	8	23
13656264	palmEuEi	5549560		2961	2689	385	74	32	109
13656264	palmEuEi	1900585	DT	1415	454	117	37	9	38
13656264	palmEuEi	2167361	MR	1804	604	70	12	5	14
13656264	palmEuEi	4616615		3349	2473	453	96	37	131
13656264	palmEuEi	3953704	HT+MR	5121	2911	440	31	16	39
13656264	palmEuEi	3719385	DT	3060	1035	114	15	5	23
13656264	palmEuEi	4074807		752	342	13	2	0	2
13656264	palmEuEi	5548557		3781	3839	590	87	33	136
13656264	palmEuEi	4520624	MR	4586	2585	337	49	30	104
13656264	palmEuEi	3809992	HT+MR	6031	3088	320	37	4	35
13656264	palmEuEi	3858523	MR	1682	819	115	17	2	20
13656264	palmEuEi	4973733		3084	1829	288	38	5	56
13656264	palmEuEi	4231313	HT+MR	5194	240	1	0	0	7
13656264	palmEuEi	4393933	HT	3899	2036	168	10	4	19
13656264	palmEuEi	4282582	HT	4607	1574	276	57	30	74
13656264	palmEuEi	1615738	NC+MR	3448	1604	174	34	19	41
13656264	palmEuEi	2261284	MR	1537	836	83	3	3	4
13656264	palmEuEi	4065224	HT	2873	1241	91	16	4	16
13656264	palmEuEi	2428769		1679	674	79	13	3	25
